cookie_id,score
ck_99a4e5ef02d89493,0.037574194949675559
ck_54d463f7fd89ec3d,0.048216285217693861
ck_0fbbc7a6af300368,0.003828595210208105
ck_8fd4937eadd64fb6,0.0051564322907665973
ck_dbb4bd4eda97255d,0.0053999816007451792
ck_6e67225ba59fa5ae,0.021222192858924956
ck_94b59bbc824b307a,0.0015320803933167172
ck_b87e88ee5512ea17,0.0047467359581570287
ck_36789ca11459131e,0.10707158756793375
ck_4364a83a11743888,0.0056558406376770766
ck_cf59f4fc0ea690b2,0.017777524987116568
ck_bfdd232a7c5f2660,0.024122335531831005
ck_84092e23d5ef4d51,0.03779206993389294
ck_c2925c50ebacbdba,0.0086938035592593541
ck_66c9a19963957531,0.10860457035926153
ck_d637a011332ba67a,0.0058406263306134722
ck_1bd753a4681946c8,0.98005701222479713
ck_c30c5844512e429f,0.044856957373192584
ck_396cea6f95186ad2,0.027881729366956109
ck_64a02b7b96149810,0.0012528638371693858
ck_b1ed2278f5f14d82,0.032931493155126994
ck_b153386f1729de81,0.0046649635250401566
ck_601edf9105b3c321,0.99239087507632739
ck_d3a8333cb389f4c6,0.0083403743044066468
ck_3c17841636f6f7dc,0.021735737397369038
ck_333544d173524f70,0.039325864939472766
ck_87c1d0a79e79c84b,0.0096863110593992906
ck_585ababa02383b50,0.0086378950148780741
ck_3e0149cdee4cb294,0.041643616961224428
ck_b864f64101149c35,0.33553810039131354
ck_5b2728f7cca414ae,0.00097070344535268372
ck_cd7d24e3b095e96e,0.065385598298812297
ck_f3dc0725621b3a35,0.00256834489173988
ck_9eb08369e983abfa,0.00074889535691050296
ck_7836bf6def26aa87,0.022289980107695801
ck_fd4582e3853ef23f,0.018668827080082891
ck_2cdad03ed069438c,0.029697916146988461
ck_614d936cef98db04,0.012868222107964808
ck_ecc18f40b33be769,0.042922415212861872
ck_a93560aa348d6225,0.027044184022641665
ck_90f3655f0c8a0074,0.0016375599029817794
ck_a045a19369016818,0.99233445569934564
ck_69ab9d4784eb77bd,0.024782949380013825
ck_61129937ee466b49,0.021065436139608491
ck_74112e47b8629c2a,0.064699424605192374
ck_d841eba8906e9a15,0.009766591150475545
ck_78aa4b731cbfe251,0.064432623927872024
ck_25394c1b83e0b803,0.062903541141758848
ck_16c501470d9bb006,0.0085192514646994962
ck_69ff1b0aa143a168,0.0022736895940647693
ck_6d64190623dea714,0.0047617957304409205
ck_5d7721930106dce8,0.018631863955655411
ck_466d4b5366c50b98,0.0035747316621750199
ck_641c8e7694b21f3b,0.0068038711203888391
ck_66779098e78c1760,0.0011019803956850991
ck_ed8f1200fc049c40,0.8287991050563841
ck_55f2ef0de3420e3e,0.041538689914391261
ck_968a99e097ee78c9,0.012979949338746251
ck_a98848eec6c9581e,0.045482996060857574
ck_7eaad325abe3b50c,0.0039628513730666825
ck_834ca727df855f07,0.061405105433318972
ck_6b1ab0742ff04c3e,0.017752789875091497
ck_fcc2059a8d5c41fa,0.20346962909766131
ck_a96887f841e80fc1,0.039026973096640334
ck_718865237134ebe8,0.007885689438612448
ck_5df85a8924e11f27,0.038662396155385179
ck_958c0bd61820147f,0.021189065427656299
ck_b4331140b2e0d4aa,0.0026025627791766664
ck_8153cdadd300d234,0.0020482869284201817
ck_d4c1da5a1427fd6a,0.11994846847654728
ck_ac32c6e374782b27,0.060419481247836769
ck_465cb8ce232c7670,0.010996574609966241
ck_022a8ae79eb28cf6,0.96589120378383619
ck_7a7f3c4fe0c9d2ca,0.0028151026673559221
ck_4802a0a7a1882c88,0.17525676822569147
ck_8b5b5a6b5539e39b,0.9062574146112875
ck_9693b1eb70880205,0.012873208998898707
ck_59a164c40c03a45f,0.016500989097957559
ck_154c8efb19dee665,0.0052550517049108018
ck_149662b09d632e41,0.008059639469857726
ck_ddaf228487858bb8,0.068965904600462286
ck_76c23726cd7ca947,0.0038890156820290001
ck_32eba3510c8eac5e,0.0057903303259198569
ck_41dd44308e6a665a,0.026078329724895669
ck_efbdcd9c181e72ca,0.022305705087793597
ck_771247b5bc16c12a,0.0050681187886955255
ck_692a9e8f504b9762,0.00099878376332400171
ck_ceb017baa26e98c8,0.021370124170805613
ck_908b663b2dda94ad,0.017558789836885406
ck_29da59ea3bffb9d8,0.14863257594186075
ck_2795921a055643f6,0.0095517230470824784
ck_fec888a7108ca52d,0.98709903775264163
ck_37dab6a0a536ed49,0.067249847294425263
ck_2c1def5c91c52a5b,0.61013943123166192
ck_0cb9f54928f4feee,0.0063065649129905484
ck_677e1d0c14cbf569,0.001528287534086866
ck_192fdad892782daf,0.057542398762263733
ck_e5e2624b7fc89774,0.051953733544178288
ck_5138f6c575dec64c,0.03847526426572849
ck_5f4a25ffd0b85a47,0.023435563229136931
ck_aebb42afe430e2e9,0.010904866329333646
ck_44e9a18a8645c9d3,0.0052273327780531249
ck_79ba8e85678d0224,0.013234416276524944
ck_ef1a1de20d2124cb,0.0091737491181633352
ck_e7d903c50d353361,0.2896130268654929
ck_bcbd8588a13f5eef,0.0030732491860694989
ck_80e3041811033443,0.060132613027981903
ck_bdee1221b9addff8,0.004371730478639934
ck_dfc933493561d84f,0.069847535605559855
ck_e0f9506a6d5f4a1a,0.022748808437735052
ck_a911a066ff0f7b56,0.027841730550186558
ck_5c45968a805132e0,0.016372956212670643
ck_152820d8817f478c,0.011998177930036338
ck_13f03ec785cbdae1,0.0015845057502121437
ck_a662b4bf900781e4,0.0019547012977568388
ck_0c0dde42ab64ef87,0.02492191328776644
ck_cb3a40594da6a2ee,0.021960859566443822
ck_a69084a068bcc8aa,0.021187920884598241
ck_f3bce4eccfa6d6bb,0.010504034208118913
ck_794d8935a895e33f,0.01883651094140644
ck_5f217bfe28954e75,0.98009462659850777
ck_9700a00ff9e66216,0.012828658217495022
ck_9a66cb13a9884cc2,0.01769355259490769
ck_522477be6376b450,0.0048805787925927865
ck_4f6ed5ea5ab7c429,0.003182884364561136
ck_f5882e6f98b8b4cd,0.001473106862189683
ck_ec01ae5351500355,0.0027382332882174175
ck_cc276f71ab6c08fd,0.046962665694959209
ck_b06ce826e593b210,0.041251320173662877
ck_1833c81d693c1e07,0.84401164876753998
ck_b4ad165ace910222,0.0043957588722699677
ck_7ce44f4e06d58111,0.20049914267816296
ck_804c5a1fa5753617,0.0091213585969523968
ck_db2c0908150cb2cc,0.030120075509919762
ck_8530158e3d7f59e7,0.0068576032221999072
ck_efbc79246e32c66a,0.015180094305257373
ck_dfaafdaefa5716b6,0.065648771549870893
ck_75f968be67f46d24,0.010880754399967269
ck_3715bfa7fed2c675,0.0024252308252172335
ck_b5935e9722a39819,0.025935590886129262
ck_e83409471d2b0b44,0.027472204878041397
ck_c729d19053387be9,0.053099459673286865
ck_38d4ed52cbe6d123,0.018886459124715489
ck_ea835557d7043667,0.004337943789632346
ck_95b48972061abe82,0.0033479266109693287
ck_2981d16f8a51a8ed,0.022491934607658221
ck_30bf5b0056eea9e9,0.32397415987119693
ck_a1c7adfe26e09a8c,0.013786181483315939
ck_1eeacc26f02fbba4,0.026422613148360981
ck_044fa3b3a003f0b5,0.036067532384164033
ck_6cabb1a133f0b151,0.016671897999083231
ck_b71279e807d0b3a7,0.0095379134538194042
ck_ba68841ca2ba073d,0.023741625999345983
ck_e1790b3aa2241b10,0.94695394664404375
ck_0bf48607a874b4d1,0.0026912868102356986
ck_fa8a4a9e77799fcc,0.0083009576712547838
ck_52c311f29ca3aca9,0.0015114447116471603
ck_42c6973d3a6fe983,0.004000528861526036
ck_b524f7a2e752b9d0,0.0062697938212349837
ck_14e58c3fb26a2b4d,0.01527333244125318
ck_ec9976cabc63ff92,0.0061014318015018857
ck_9f50920c894f64e1,0.025897732466834758
ck_0259da8f109017e9,0.0014583205142201475
ck_9d8e9ef37797d3af,0.13573858724875659
ck_2d28f14d3973d8fb,0.0034479503254579657
ck_f5b1200dc6f95760,0.016364354806594237
ck_20d7571ba830009d,0.011830328424261571
ck_54978a073e7a0b1a,0.015486439711397026
ck_6236a461dc0d11a3,0.0023353171431761003
ck_7d3a88d1aa649708,0.75472400833955633
ck_742f7c28ddd019e8,0.20023443948890945
ck_d979ef95ee44023d,0.016045563201568559
ck_c01c85bd631d4054,0.011144177001332033
ck_1e832a5b2342554f,0.02602738418523768
ck_9bf95f8c47e7c7b4,0.0040649556594140619
ck_6b38763bf5ddbcef,0.012045998568327228
ck_bda4041a3e90d860,0.038322398910145702
ck_703499f5410280f7,0.0044230554029539727
ck_1eabc15a94bd9009,0.01768945701533749
ck_d5bd8f68da073cd8,0.0058287686028949083
ck_6e6258227fc8db7f,0.001937040159417189
ck_be9c46acd216b45d,0.035588957083675543
ck_e2f88e202b6f700a,0.088126704452153509
ck_353a272478f7e903,0.0045377817847987055
ck_a2c9796ea229a4e2,0.0020396817306402347
ck_acee218cbe61df69,0.034513800266304011
ck_9704c5cf8659cedc,0.012339433976143968
ck_4b0947bf94e9d847,0.029971497729931278
ck_bb113e3e6716ed65,0.065050225922243549
ck_60b4d59953505682,0.91824512708314876
ck_7dca4d7ee10b4eeb,0.0026713913548142582
ck_4863077723cd6ce1,0.0015469494359983097
ck_469a0578d05990c2,0.0053866652404308364
ck_5db1cb368bc41ac3,0.010574610410016462
ck_b72c7ac4208052ab,0.027223706504206871
ck_abac514d8167ea58,0.015401417843048226
ck_6de2aa2bb60978d3,0.035308606506839132
ck_186dbff4b24a3bbf,0.18965901793239581
ck_7f15503048915d6f,0.02454308456860425
ck_c35e03b0dd0c3454,0.017824834355364069
ck_2cf8a44e041217de,0.0094942621726784061
ck_91955aab3424ad16,0.0026369289374927416
ck_a032e8ac1507c6df,0.92505163337536866
ck_342a79f91de5d1fa,0.012669166900736628
ck_3ecd8a5ce65e21ca,0.0047994749501292103
ck_45424ea6f0bc4650,0.11423398959585845
ck_41346ccd9242cc8f,0.0047547886866693726
ck_35d6c510ad29362e,0.48318241290012409
ck_9de191bf79afd676,0.014918941417031661
ck_6de6b1663f9457f4,0.0036061827380092617
ck_61814ae9b6d8eab1,0.0045270337411761003
ck_60187ac2c473a662,0.96967265723050122
ck_c0b50c11e4f5adf7,0.021450500392846308
ck_062754f8b79b86e5,0.003032186543608659
ck_0027b5d4107d65d8,0.027518613890581918
ck_d61c837b0106085a,0.030876033786690526
ck_a99e0c258ad7576b,0.0066734753846684506
ck_e76257caa98dc25d,0.97158591662090066
ck_9a65fcfc7916f93f,0.0013842551518710514
ck_c972b0e781efed3b,0.0041405166067288394
ck_3a632cdf2c19051b,0.012689202790001899
ck_9724718fe64c6557,0.9730261973352905
ck_d44dc3839a195c8a,0.084749566207748483
ck_2fc70b6baf6a0e26,0.0026670674004365198
ck_b4911c42f3bff740,0.0077984011506992898
ck_53428573abcd606f,0.11713276029263625
ck_c8198cb4c461304f,0.070657640942617381
ck_852c50bbba1ead13,0.12784682578969392
ck_d5ef6dc116dee408,0.0080263576275669477
ck_3ac528caac74f563,0.074291117082088506
ck_1b0b7c3d35ab1259,0.014186025050372125
ck_f1a9d832b700bda1,0.96830516437256875
ck_343e6ed2b9d35c01,0.053065716332874838
ck_803c0b4cf9d4bc1d,0.01621727724875335
ck_c457e9c9224b773d,0.022069057745043599
ck_d305b4d82f63f647,0.0033710193411774841
ck_22bd0fc71f95e048,0.055642541926460565
ck_aab23b5470469649,0.0078773596969506469
ck_fe0a9372c9372de9,0.0073151604065928057
ck_f6c909c205767956,0.040858006572860484
ck_295bca29c34cfe2e,0.13559330878915427
ck_74e60495f8861156,0.016576741195186893
ck_bd20be9a3392d79b,0.011839776816195333
ck_952da7ca9f33decb,0.015842300402290833
ck_900d62b3184378c7,0.001346194098670815
ck_eafe9b89857149b5,0.012238523032248302
ck_509cece86a558de4,0.0053872249305660152
ck_c423aa6de3ed1e01,0.0065833954286297156
ck_b5a84c5547378c10,0.0027668453707563193
ck_9528e1d6b1707870,0.019525965924299726
ck_668c7fc7d7e47c0e,0.02376328389437956
ck_5d72ff6cc2963d1a,0.0058358758602259347
ck_6c084bfcb38e96c3,0.29433002515714674
ck_66439e697695224c,0.0021257790408733862
ck_e975002c979e12c7,0.059688822782121849
ck_8e039b23acaaac00,0.010196093392456078
ck_9ccb17c35e636c5e,0.0065790264282412237
ck_abd3aa292f8edb4d,0.016089722949051068
ck_3ec9b9d8dd7be11c,0.015614082200254103
ck_d6f5c8741697abb3,0.01861852968775661
ck_5d75ea4f5c9080bc,0.52708076194284248
ck_a4db6e94a8f77f9d,0.022462502447936634
ck_01c1f06692566ca1,0.020724698626867804
ck_dac7c50bd6d0148f,0.002303867241258196
ck_857a1f5547b9ad68,0.016043978742472795
ck_aefd1ce3ce093cbd,0.00081973808881729312
ck_7b59d22cadef3b05,0.14705359294546266
ck_6bc0e5b8c0b7d2bd,0.14138606434097373
ck_2c44ca550e5cfa82,0.032443032679339644
ck_e4ac22046699b99f,0.0044647421289830446
ck_ee7a515e87d17d4e,0.03853413002631171
ck_5e512ef5362a3dd6,0.010832297235240131
ck_df1f2dba802296be,0.79194340432446453
ck_49bdba9ee1899dfe,0.060478975560975964
ck_52730906e5b461eb,0.76389343747914462
ck_dab34cf6f0626c9b,0.03347830715196834
ck_f9d8b4813a88c1e6,0.015140241129765726
ck_c0c4be3f44311b04,0.005426599587603863
ck_ae3b47d6e1063704,0.0067135651854967095
ck_533672fb40531607,0.098239986738543533
ck_2a244f1ae08ef83c,0.038056122712979631
ck_fe429ba3e1aa0e4f,0.0090758963479054544
ck_18444be153bac1ca,0.94314119530479457
ck_2ef76f1f36e8b869,0.07659219781808313
ck_99ee90946395d74d,0.65912237949202801
ck_bf2228a052815840,0.0029615533247954106
ck_1bb212d1288b9689,0.033780998797482392
ck_9949f53c155b8dde,0.0040365506652546923
ck_04a1a46f07885296,0.037203754974164553
ck_70c7679199776a90,0.017891444823453107
ck_231e6dd1fe708000,0.0054381108123059702
ck_e013d88ea7939616,0.0080412699376985579
ck_d229cf7f5a3f38ca,0.013837631058324015
ck_0ad6fa0e23c3bd0a,0.072215976156664599
ck_3a3daa8b376f2a18,0.0091255172078932509
ck_f0d6633d0834fff5,0.021737185603813901
ck_5472214011fbc2a7,0.0050490787003797432
ck_e0239e6ae30795a7,0.010244337903993756
ck_646bb3c7be5f0817,0.0060606716518950797
ck_a9e7f3b2d5dfd97b,0.013676425487662649
ck_d5ef1f6e34bb35b8,0.036951338901311484
ck_615277c8a4e2b18b,0.0049980777314048361
ck_11318f7c041a5ba9,0.019934912697265383
ck_6d69e092f9b0848b,0.026457747529783443
ck_fbdac0221bc03f66,0.014088765256048541
ck_3854c08d17704347,0.024469153913059875
ck_a9989a3a94c26634,0.010335922399438219
ck_d3cfb3603f2c6ca3,0.038839509393066643
ck_ba54e0a1c328119b,0.92462329623508288
ck_ecfb771ed2352085,0.0066457728588192148
ck_2401e8ff89e574fd,0.82056659189991188
ck_54e2eb018d947790,0.030874119011902925
ck_ad7269eaa65c67f9,0.011267401032952375
ck_cf2ca4f286e289ba,0.016422860144548038
ck_ccfc9ab888ba933d,0.0078431545036435676
ck_c881f26c9bf9ae42,0.23526677287514666
ck_a7afdac4ecbf2de4,0.29027588069553012
ck_57d0a7eb7eae2eaf,0.090490489047103786
ck_3fb95862b70f505c,0.019813957941147126
ck_5478eb69ef912785,0.069614638870998322
ck_bf4e7d48770a4a8b,0.06154315333059264
ck_5875828b11406398,0.0078784351085862559
ck_3019afee83342701,0.012765613686544629
ck_dfa0ac11fcb1dabd,0.004217190963494535
ck_2d695f8358383092,0.02232120581359013
ck_7717fcb100dc4b5f,0.019818374417287808
ck_682262b455a9edd4,0.0023089244607984345
ck_18270fee7c8fcee8,0.0037136387209598209
ck_e6d3ce445b86003f,0.0034447628415903257
ck_61d7b0568ec5d6cf,0.022222726074622522
ck_bd1bf9e3e29de281,0.026243955224775323
ck_7ea0bf310fc20c7b,0.76362151445906057
ck_328696b8f5e54ec6,0.040679481244457034
ck_1507f5aa50cdf3a0,0.014036917765309808
ck_ca10102961f99eb4,0.024088851876714709
ck_61b79dec96d15713,0.0053820058570199373
ck_ca7b993e8286af7f,0.0034875840358031297
ck_c9dcd92b2f836b61,0.12854089124446605
ck_fe2fc7d6e5d83f09,0.0047679758532054445
ck_b6e3af0a5119d9a0,0.040811175722576601
ck_e535fb0f0c00418d,0.04343244878878158
ck_31109c899336348d,0.0061419895943797282
ck_d4e024fcda401a31,0.0018553874361449448
ck_9cbef9bc95449dca,0.015600612089953666
ck_a397cd64ec5d644b,0.0081092266157360739
ck_b0f191e44f9b6f35,0.026819322972396011
ck_3049d744b527f4d0,0.012833968072862727
ck_6f661b428d6fb8e4,0.032104406780120429
ck_da59ab47cb6284ad,0.001342197035591886
ck_5576ffc6aaf6f22c,0.0016534092943644519
ck_8955d7b9030d5eb5,0.0048118077871384685
ck_78a61215675b38f0,0.018248269446108172
ck_001e42551cd06e40,0.0083280509678688962
ck_3b6057d51fd4c7d6,0.012596018755457142
ck_87110d84872c0fed,0.039979325507993248
ck_f034adb57391f3d7,0.087603500184317909
ck_d84b5403da4cea7b,0.029443364055114558
ck_f04062216f95fa00,0.018798541547597546
ck_d9573100bbff4014,0.54367639503739529
ck_b5d0d223ef56473f,0.030462003498149315
ck_3aabf5e0f4defb41,0.0055309088491417267
ck_ac449ee0c315edde,0.0014405857075323999
ck_085d8c42739e2b10,0.97490867741191611
ck_937402a60df0821c,0.0018697431478842113
ck_cd1dc68e441222b1,0.96646676112414043
ck_714c5d7cb17bc9f2,0.010114482432896876
ck_1d01b4a609918c4e,0.92333670556845071
ck_cc1c0b93d05b7d20,0.076464056151779786
ck_46f4e1f5026f4d1b,0.00096627034002970207
ck_779491819995625d,0.020829713593705255
ck_46bec0bff167ed3f,0.033730604727368052
ck_92d679d6ac7dcdcb,0.090904898810198462
ck_22a7cf3b99c5e5fd,0.016572683987311598
ck_09faa4e771cf876b,0.0045979214306516667
ck_0b2eeb4e00ff7955,0.013935760530436551
ck_9843d0e61c37ebe8,0.99002698019290714
ck_e2f792fae128b18e,0.086698072108141289
ck_00aa5fc3b3bc66aa,0.053837945219634101
ck_3dc378f37d0b74b8,0.0080975794536396126
ck_5e98ed6391d9f429,0.033729613551435278
ck_9036b2e5e9298a34,0.019696378134111361
ck_a1cdebfc42a52448,0.0025926339112472396
ck_5f48762a14a0326f,0.0080480142659552049
ck_8adb40b168b59d7c,0.021703716428035466
ck_c08e64d424e56c05,0.017331431800674098
ck_68914e67343a7d32,0.0080793384776498677
ck_09e9c51eb538b255,0.0097692649265245356
ck_f9a68da9e0f0bc85,0.0034769350054160795
ck_498a0acd450944d8,0.0036851272040309222
ck_67ab6f9e05c85085,0.013610685983233515
ck_aac70764dde15168,0.022753019760308624
ck_e5ece47d0dd10526,0.015504361080709746
ck_aa8b9b36a099e4c8,0.011080610713612793
ck_8d2f62930777416b,0.034079370467772159
ck_8312c49b1431a406,0.0090702292242290841
ck_6438ae81d43cb196,0.0053485629428586369
ck_949f08f8e80e93ea,0.0045046223267047065
ck_f9b439c9161c3e52,0.0089482716128920087
ck_4dd4ed23e0b927b7,0.18408009404645861
ck_18b36d342b530af4,0.01665596996293349
ck_8c8c98cc694ac900,0.025511418326026894
ck_74b502b20690ccfe,0.0051317758971142022
ck_7f0c4f609673ef62,0.0061039755477937125
ck_02241f3dc301bebf,0.01930503313502218
ck_6e5752b87324b58c,0.015788178376320034
ck_b4068439c413b150,0.024424112511865527
ck_bc82fb1895fddde5,0.0020806425296252436
ck_0a45d033d4e280ea,0.055145254111697711
ck_39a3f1da060e88bf,0.015053761750138506
ck_8f1cbc432e2774f8,0.014457553361515055
ck_8ef97b55a5fd6ec9,0.001799117113083868
ck_aded05ada490da20,0.018498838746847712
ck_335e63101b1e6c4c,0.077891473008812925
ck_e5c30947b732f661,0.12636559497292116
ck_f824b326d5089885,0.20569431518886888
ck_a4d7f6a5869d440a,0.96546146623410767
ck_58e20f5a3e7f11b8,0.58848059307444311
ck_a04403073c90ce38,0.0022205897778588696
ck_9eea37d2de633b27,0.0036581025682314939
ck_fecb39c82c43e76d,0.0018883224865866217
ck_f5adad75e1c06731,0.029916155672019436
ck_43dc13b6b6d31297,0.028316622280458517
ck_3acdb083e0d8ad61,0.002223611720711117
ck_54bfd70022c66983,0.0032176516653521477
ck_c422ba389ff00781,0.0015860071883789851
ck_b26cdb2b7b165d2e,0.05613917298784369
ck_4563227b2038ae07,0.14621239649618278
ck_355c4f29089731e8,0.92619144970922751
ck_fa4211c4d826d830,0.0022760135367172639
ck_e886ba71d4a6fd73,0.010651061647137241
ck_f76d929541ed41dd,0.054117343344510876
ck_0f37c554a5057801,0.81731530591984125
ck_0a7ba51d626e932a,0.033936049083695997
ck_55efc92394fee232,0.095501006731149238
ck_1df4b46c0a4c317d,0.015776682518759133
ck_ee52c7bf88f952ab,0.007812252478977726
ck_bc273f3ce79f7e1a,0.050901937112627402
ck_9371c700d9830326,0.032250507283666498
ck_65acc43a6dc3e65d,0.0074321179641443635
ck_b0ee3a98175b462d,0.00083755440461781355
ck_dfbb2056f1ef7d3b,0.011051998255910614
ck_5043e474f848346d,0.040906112763111707
ck_6be8ae9d78148882,0.005135665547484629
ck_fd4cf578e87703ff,0.012138482923172912
ck_8b24eadf6c72b30c,0.6750952548032132
ck_38c1c75cf055031b,0.017285472402699904
ck_c8001bdb9aafc8a6,0.0082066292686375168
ck_d598fe8d2c779ab9,0.023003976904670105
ck_af25c72d16299258,0.0041708820023266631
ck_0c1f088e17e46daf,0.023926126697482931
ck_6c7b41374f9b2e55,0.032453517044018582
ck_e4fd8cbd842b6993,0.0029272158045249791
ck_220fda3c11c59b6c,0.13531863353468329
ck_e3e95546a84d0ed8,0.04255679408679764
ck_53c8315b5c30acb4,0.0084038778085617147
ck_fdcb1d9265d8fec1,0.04643976201217484
ck_94f4266ee7871345,0.015197096894457668
ck_7a7e40ee3f97c035,0.044802441442363422
ck_6a519bdac0d94527,0.0027526751222272188
ck_ff30dda2c881a4bd,0.35392287649528154
ck_e7b4016909405981,0.0026116292243881052
ck_1abb93f6924645e1,0.01931333236908377
ck_5e74fdadb93ff293,0.016212166968544831
ck_fc2a6e27b10b10e9,0.0025588477877781799
ck_47ab8e51e5b3a2d8,0.0055323759918860099
ck_246989b0c288664f,0.016382702549764577
ck_ddc7c1f3d45fe6e6,0.0096881530774441237
ck_0acc3d8c67218b9d,0.0040650898004302846
ck_4c840e5585a7b167,0.159128007524864
ck_1d30eef7110809e5,0.27720607137036368
ck_ebbc9418cd41f692,0.0054166483081498082
ck_93cc12703b500613,0.033290226727909648
ck_5060aefcc8b6f958,0.030792648917862396
ck_0595c2a0c7881e05,0.0060255784366024974
ck_d9735647a6b0b0a7,0.22638155335445254
ck_f89719a854fe11d7,0.024060556021039854
ck_d813e15ac91f487c,0.047791890619495708
ck_cb8551453a7bb929,0.0042317313035770123
ck_8642e3b6d84f49d3,0.024994824501035517
ck_9ec7f334604a228f,0.016514553596592929
ck_e0b7e2c0bbe228d9,0.0065950488590926937
ck_e7b40b60786c1530,0.0024917726505957988
ck_edf229c17d25dac1,0.092013345150594478
ck_4424a5223ba2fe00,0.026761640032938919
ck_c96ae2c28086a059,0.049676108235256963
ck_ee40498cd97183d3,0.0079718864291297951
ck_13d1b192bbff8f32,0.0057046968970343066
ck_079bd18dacb704a8,0.31136551159007408
ck_884168153c9c0c81,0.0025368133054764668
ck_dbe58392635133ca,0.11886037691150439
ck_9440335375701f44,0.0038530908039797387
ck_9083ca9fec2a7f4c,0.017091939170752642
ck_2f9fd36a4a40a6a8,0.0012041257214450147
ck_8bf46e472f3e20de,0.086693781251138607
ck_a76ee3b3e3e522fd,0.085994735192439872
ck_9dd7daacb7833233,0.020707991977166079
ck_8eaf9509ad9462a0,0.0013435206624206619
ck_c5517923458106ae,0.01491151979133676
ck_74a4244eb1f162e4,0.0013716974705003477
ck_fe1b1adae3be70a6,0.68022138114869779
ck_571133b2aa8ead51,0.04601222904701497
ck_2b87683c90acb852,0.031080132267819527
ck_3f730318a9792292,0.01527348427459739
ck_70804f60d9704128,0.017746520724976629
ck_7356f47dbbbe7904,0.003700747050327584
ck_e7651fb87bb24132,0.0020089994112176975
ck_4a59f4e10bf45d7f,0.0029234279738308425
ck_98e337806104dd88,0.0056934759906569418
ck_c39a9e75760e3201,0.023098596424124745
ck_39d5f6c17c745ab1,0.0033455103895282806
ck_ccbdfe744acff8bb,0.017063696287599156
ck_d6ba7ffd2ae08863,0.0089646275128706862
ck_0eeb3d9b3e697edb,0.027610284377859062
ck_2a65f1cc23f1180e,0.0020873047742876994
ck_c91b7fccf6aeb4a5,0.049845455497391736
ck_e55b7fa67db1ec27,0.0015076895087863386
ck_214af0806470ef48,0.0098991343782406319
ck_7fbb709a0fe95759,0.0010512267929485902
ck_4a9a791a1d409a3d,0.071575944937822725
ck_99e52c3c2530b69e,0.98232737169835693
ck_eb3fb1106f2f1b21,0.033099739634573883
ck_08b77ad5f8f73007,0.014199104270502954
ck_934fb5064b6eefe2,0.0027939657809210607
ck_6a92cf5f4cf5de38,0.012660172491978107
ck_9ea5872f14cce338,0.017394291083487771
ck_6ff6883633b8c7ba,0.0014644572178936098
ck_f19030e6e85a6776,0.081449077058433045
ck_cdabe60ab59f9d5a,0.016780540324773455
ck_75fb7e56432ee4b2,0.023790839606911196
ck_bb84b2b30293f566,0.46927976446228459
ck_b898d912d1181ef9,0.021078053196583939
ck_348a525791ae6475,0.022020831195041515
ck_18ddf7e836256e3b,0.010921270122758869
ck_5b73d7c5255e58a3,0.072747395264574077
ck_48d4d63beb26b623,0.002578491481699037
ck_020eb0e454524ecd,0.0078978105073749614
ck_961ddb8ff55d868e,0.0023115028792496366
ck_109fc467ec0a4af5,0.11212138552013654
ck_a872df31b28a5f7f,0.039073974533497403
ck_f0093064aa28f4d0,0.022673240303115724
ck_2b699066665abe8a,0.04728803524247073
ck_a17128972d3e507d,0.11579580340253047
ck_8f35d229b62c8f23,0.024352434463314594
ck_ef8a6af43fedd464,0.0025615639257266973
ck_1e6628879e9d653c,0.01592008484436621
ck_0aa9db36eb16422a,0.0016319693856671781
ck_b53e88c0e927d896,0.0022548656038342309
ck_a9cd84a6dddfe584,0.030357894012077315
ck_b498fa91a0776ff6,0.13409443535981952
ck_69eda24e931fb36a,0.0018294349492661705
ck_1f0bafec397da8e4,0.14087273460673538
ck_523dce06515b072d,0.028793440433591826
ck_404e2217fd87fdd2,0.003212946939558529
ck_6b954c75aad8c012,0.018054115164881843
ck_614f777c2eb5d537,0.0030012743538450626
ck_7f8f864fcc90ca82,0.013119058007918877
ck_58afa1550b3b5294,0.013715940794608512
ck_ca149244b54ef3ad,0.0012822028730772503
ck_1573878386886290,0.012990956355967698
ck_7ecdee2d7127be8b,0.0051629777871177495
ck_b667952253503174,0.011580621196179718
ck_c8307fecafa90140,0.024498065650357295
ck_99a92d710a29c1d0,0.012136513994401955
ck_bb6cf7e7b707731d,0.86465557567565676
ck_fe3c1d0ac090d960,0.018925992344265528
ck_fc60f42c68c7024f,0.025505849325354948
ck_f71a4094e889c3af,0.017676521804075519
ck_22311b037456a76e,0.001039301542804601
ck_fb90408f4892a21f,0.020176645040313055
ck_5866b413549765bf,0.0042954150473286145
ck_2ac36e1dff211d38,0.022199714559235112
ck_ba8affe4b9505a95,0.64018524427754286
ck_1b2d9cae92a1aab1,0.038204608672616699
ck_58f4c3ac61fda129,0.021282801684752897
ck_a378c58294001a36,0.86259795962907837
ck_afc484d1b6907983,0.0072530674991424229
ck_030cf09525dba4ba,0.002403560142826586
ck_babb95a76c69509d,0.10332007922038761
ck_5662492a54e6688b,0.03551074903137915
ck_db4083a0d043def8,0.30663223612093121
ck_c0032232c2868328,0.0077363160451339374
ck_cc91bd7152d3e9ba,0.0039056026869529453
ck_c484c5bda389bf20,0.0020924022890229659
ck_a7ea00a1760ad561,0.99166882784245203
ck_cc90e219f1ebf390,0.0018305044329601956
ck_ddd65711b5651f89,0.0035859434934604468
ck_f589f1e29301b5fd,0.0070585670831445537
ck_8c6f059c95872126,0.0019088303781977828
ck_87f82b2b5fee757a,0.017062480799598226
ck_3abfc010091d679d,0.019233280340296421
ck_b8465b1a5666155b,0.05214311762532127
ck_f0bc3bdee6bfbb94,0.011770984684022399
ck_767e0be086b5f601,0.022527384832984644
ck_96810ad39d4cb7b0,0.027176063163003493
ck_9741a82faf5c7889,0.045920673498346429
ck_97ffae702f7c3d08,0.0035015011188982079
ck_963762210edc5694,0.093076943331905651
ck_5ff6108056a3fef5,0.0064958611584156906
ck_3168f4f2778d64e1,0.044628953322538821
ck_59d086fab5998646,0.0071882976666707808
ck_43292f70a03ddf2b,0.04793658158435235
ck_0b259620eac51618,0.0036808152045355478
ck_678e74532ac19700,0.013148802715324089
ck_52e1418cf1aa9871,0.0081021224095968701
ck_4f875342394c110f,0.023567120252476495
ck_4f639f4ee6ce8d9e,0.029299952134832455
ck_36224a2d394ebfe4,0.061830774596051581
ck_fc4bfd6e739bddea,0.004358179754984059
ck_88ec57a11b11f702,0.93528840212478204
ck_896096cb167254ef,0.033015845916273739
ck_c920901b9a4ba993,0.92012801302373959
ck_2ff1860da2004c84,0.0037700574520889247
ck_631ea1ae91ab333e,0.052110598829243432
ck_0b9fcff9667ec05a,0.0074456591056876872
ck_d3eab7a06eb48348,0.031107666811054896
ck_4dec3df58077a257,0.28630050463084589
ck_73d3689728270a2b,0.0099656524804727035
ck_961e7dbc217cfbbc,0.0031874977514706488
ck_dd97429277a2fa00,0.059420004022588999
ck_5c37f7563fa7591d,0.036562147454891954
ck_f2ecab85d4693b4e,0.0017152692598070593
ck_a0e3a2facd508e49,0.029516916641273025
ck_02e5f9cbbbf2f078,0.035200192481242967
ck_d064428b7e7dc409,0.0061879161965131615
ck_4f463ef25325ddfa,0.14407144983558454
ck_a6fe344bbf67f14b,0.032393324286915479
ck_e03b7d0fa0b28f4b,0.0053993206522538612
ck_2f6b33bf46976229,0.010364252303694475
ck_9c60ae6958d68dbd,0.13010516144273346
ck_d730ff21bfd7769d,0.012300306892734904
ck_7048bedd554c703b,0.0036416053842130702
ck_9e0383e1fb6e214d,0.054214243757748214
ck_733aff0f56f5b3c9,0.033723889776472366
ck_11af112667c98394,0.019294930585837269
ck_004efa95555437e9,0.0085828408940003872
ck_7de6997178207800,0.0028182672839940364
ck_68dd79a51eabf5e6,0.028574435651605931
ck_0567302c57a2417e,0.19765890176957882
ck_59de511b20c842ba,0.023990913920603468
ck_f1ef5cf7f10b16c8,0.07757798898542588
ck_6a475fe324d7d790,0.028013681452700032
ck_31199510b40602a1,0.017806594716335299
ck_2a6d43b9f883b78e,0.82289669856211156
ck_788e78065526ee19,0.040020819931260151
ck_fdf89dc69f700f84,0.032039327142241156
ck_02a8582c2603e675,0.034159580982225837
ck_9c9e8a38bd5a6c88,0.029608716648312751
ck_1c2dcae19539e148,0.032671445936391666
ck_c7a9c7b2eef46a99,0.0065065630894696035
ck_d9f8efa6a7800f76,0.00526761232129065
ck_03c4fa4f3ed3512e,0.001971496299713812
ck_c80a94d4660041fe,0.028957816337303488
ck_4819327a78615485,0.0021478674339640577
ck_ab3de3d3e41c2082,0.0036335234900511074
ck_e86ad2fe815b6ed9,0.011742019217231989
ck_c51131e53baa59c7,0.00093416620962745694
ck_e963d8525018d072,0.020571768344576961
ck_a4a01fd45936b078,0.030843751427956388
ck_66aeb00e44486cda,0.68773074540936363
ck_838c52cc1d315ec3,0.03786559237165249
ck_d20d4ba60eec9945,0.015603200763105819
ck_1f1273a67cbad5e5,0.43299255315677282
ck_44e57a0bad5a0745,0.010269779738156251
ck_9df7e153868bca13,0.0044099150787528249
ck_50d7c4dab837bf66,0.0063931833258867379
ck_9cde4036d0914427,0.015272508228922881
ck_d557b9feb241b3ec,0.0026158339498322932
ck_ba4a6b9aa63964ef,0.0068064958367219652
ck_5ccc0c94e5e1f849,0.024270989446952003
ck_3cfeade2cf270fee,0.010637053957028863
ck_faeb0da678bb86c0,0.0025129414163698009
ck_0f35e930d0614613,0.99065512099681463
ck_0e962eacf98a813e,0.0049959810339512889
ck_c8b2e2cb349dd0ff,0.023158946086118872
ck_45f57fb8194cefc8,0.0028748515525972114
ck_cf6aa24b92c4d33c,0.63120689379316752
ck_f3bc10e3decefce4,0.0030903056377206226
ck_c2466fc40fc9d5ed,0.96708958580254278
ck_5ef50fb07b6737d5,0.017423637820908743
ck_8d0cd981ed3a183a,0.12264436916671148
ck_aeed557007d52e9c,0.0052216782153156008
ck_dcef7887a4f1e435,0.037322967478342454
ck_6d6ac1f5dd882aa5,0.0015831714916181333
ck_9e3fbd04e3532f32,0.15649081700163514
ck_b8e5244e650aa81b,0.017986831208445762
ck_975c2aa3d4a8c51a,0.022475313905844736
ck_4f75144c6f3b13ad,0.012030856515995109
ck_0e7899a57cd617d6,0.0013406204350400797
ck_df8ad2deb0a4ffed,0.03267616852898049
ck_cf7a022178165e56,0.0025844408131048997
ck_5bc07deb82edbad7,0.0026021951508954605
ck_f2aa1b677619ab19,0.0096030342433409237
ck_cb42e3be6fe87f60,0.0051576934063642128
ck_4dfa1c1e9b69fcc8,0.02158811158161681
ck_23756522b58df5d8,0.0024230086209423391
ck_c76f1bf40f3b787b,0.001539663001961156
ck_dc569c1167ccec0d,0.89819191185160219
ck_1ce20e4223a936b1,0.012022556703946353
ck_6b97d1ab90f6bdeb,0.076192615517920628
ck_1e97899875bb427b,0.0040908292031391841
ck_4b00e75c2d2d0522,0.0026170122341169994
ck_e80883208e8d0453,0.0070523637685587261
ck_636111f7f030496c,0.0059610865528768962
ck_a2d0417791d4132d,0.0072429319644679718
ck_7a7bb9be5a7e48ad,0.011973203482110985
ck_5d2b9e6e087b8dfc,0.99130371853509303
ck_6957905a65c47879,0.030763062426061989
ck_a33d2325f86ab12d,0.014614966298363225
ck_4df036e2aa7e1056,0.0081328804879278183
ck_05ab5b03d0bf9ce4,0.12732274201988239
ck_bc04f51c23290bcc,0.016520369552919453
ck_2ce8931af02a2ce3,0.0047780842160286396
ck_dfba788f35d4c372,0.0022882213987382382
ck_90eeca1cda79fd41,0.0011469085893444275
ck_f96db2a1f3448d1f,0.0052825924632700682
ck_af5842fa7202ff25,0.023558820906450149
ck_ea62ebfc1f04b49a,0.0083351981136909059
ck_75bb521de55644c7,0.0085513302787922508
ck_81a960fddf79ecf1,0.88864440902927311
ck_8da980cb2e1e2bfb,0.01887898921535652
ck_fa321945ebedb916,0.05059803315900073
ck_00dafc060c8de32a,0.022229060320878534
ck_f81a97d350397306,0.030528129598946172
ck_255d87b7fb40caa5,0.022770535893424121
ck_d5eb179dc45394c6,0.007883631228948848
ck_628f449e248c19b7,0.16266137978578626
ck_d9506476ad3f9e08,0.028807197889149663
ck_e3f1d85fa5d49396,0.01624254316773914
ck_6f3a28eecd2c4031,0.01208514869179805
ck_46d8c029d46867b2,0.0067966800381567202
ck_daf7aea023b7a8f6,0.037485317952186216
ck_aa37993f1c17cd1e,0.025133833582296879
ck_9c3aa9f23d01fa1c,0.0027769015377112545
ck_9658a6ef471053f0,0.0024150817994369705
ck_260cfe9141d249f1,0.050428034871870753
ck_8f6ce158c2902877,0.00089730466746735171
ck_430a3d03be588201,0.0093286300072910888
ck_b5f9dd00914b4db4,0.008031823060595758
ck_1c6820fc38135ad9,0.0084574938282946308
ck_1f22f04dfc08cf27,0.0098846876740467608
ck_aa0a3179f1111674,0.0082328490241694377
ck_9d4b5e6b43bad4d8,0.0046851374485282916
ck_e3b3c5a80a567418,0.0026104528094224909
ck_937f0da2306b2eb9,0.0049707593728537721
ck_cce8b6657a538fe0,0.016100561707930804
ck_9e665618a4860306,0.0081717142247920895
ck_8cd274cc85aa35d1,0.020580413468443404
ck_b7da6640fa2f49cf,0.31471525907856046
ck_f568772b6cb3febe,0.12055761530868157
ck_e95c8cc1864bd584,0.0027868480465215711
ck_66600620149c8799,0.024802009302115804
ck_81307759252571be,0.0076598382269519177
ck_378a9df82b1e0bee,0.16343240095518885
ck_9ede89e8a43c3f53,0.054555905886085707
ck_2ae6949246ea2648,0.019647936307924982
ck_2c27b77c59d8f23b,0.19785378306648599
ck_94940d783e7988e6,0.011952550741945466
ck_2db10f987d137582,0.020892952589865572
ck_dac3852758f4ea89,0.0025020723489639508
ck_b5a3e20fd210017d,0.047458877237982269
ck_3f7c870510083a51,0.02947810181246048
ck_96a89e720176b389,0.055816659660175814
ck_1aa87cb62acc0ac6,0.015328684448968311
ck_78cc5ec4940fec3b,0.0044826580695253148
ck_31742076e9a998f8,0.013452300944957894
ck_3f9e6d356d3dd3cf,0.0038920089709406592
ck_ab1b9d019921bca7,0.013269654797402705
ck_c8791f7ebd4d93c7,0.031525987165012974
ck_47a6005fabc33551,0.011100848804634061
ck_5a540b75c866166a,0.053441056458993531
ck_059e4fac6b7f704e,0.021304992694046898
ck_6c72a36b05fa0f4c,0.065173133288865495
ck_966a167758fddfd4,0.014836987649549369
ck_9ce743dd3e92549c,0.033246140219927278
ck_08a6d4903a7fbaca,0.0083073497338023734
ck_8e5999c436cf037e,0.0011837694876040087
ck_acc764b49ef02826,0.14889747480120594
ck_7cc2e091806cfa5b,0.015453088642015162
ck_5ef935ac3d4d3332,0.04135005644146876
ck_a84f2cdf695a71d6,0.010020658579925349
ck_0a4d7acd2a53cbbd,0.0051049711086742066
ck_c5e4a17d3efb19a4,0.42696154473658876
ck_8716cbf892c50e29,0.012656676185835167
ck_b8c7771de9b57705,0.0036117402076604006
ck_0deb56f3f6452818,0.0039449328208595712
ck_c1e5182bd99e0e35,0.52953210363808434
ck_f786cbc987b70930,0.0026572995179294885
ck_ab581082e8f72e3d,0.012433789368505511
ck_45e70c8a9686580c,0.036712945993462288
ck_6fce5a893613fd2c,0.0019758383215794017
ck_003148504557f720,0.039525489803014117
ck_fffa0622344a36ab,0.010838995685418186
ck_d19bf4dc0627113d,0.0035275205800251713
ck_a337eb38eefdcc88,0.1312766017335395
ck_d4b23804cebb045d,0.0079324817614433961
ck_7bda5b5b927b2905,0.085064071155687565
ck_f8124911450fdf31,0.77892418206348735
ck_b4d2f02d2cd45720,0.67171304589137293
ck_0f4e2ec66d50da5f,0.0024982588190062367
ck_186161ce152836f5,0.0092570442771811139
ck_e4d0a9e1102a58b5,0.020817453265198033
ck_a115a7919ac5875a,0.024152399869055676
ck_c8efa1538b37c359,0.0027263355713402077
ck_4d9eb75e8eee90fd,0.011550205198977335
ck_9ea3d5a5a91fef9f,0.2025137624756928
ck_3c59df37895ead2d,0.0074692577796009576
ck_ea269b35406473e8,0.0067278452790645489
ck_2a5b31594206eb30,0.38113386243805847
ck_1fcc5843f39148a9,0.013760692226778396
ck_7951bd4eb99a0175,0.0039565338288211228
ck_abcbde211b6267f8,0.22076425848528722
ck_7b922518f667f76a,0.0015441839976541687
ck_0bfc394c5faa65cb,0.018215804458721292
ck_0bd77fea8ed75a15,0.0096017251788393602
ck_7c77e597c951cdad,0.015854266098973224
ck_e72db9d4b2fc9997,0.97993833799895913
ck_ab01db9117acfe3d,0.012714261672509717
ck_471e4018a23b4e56,0.0058602494492379989
ck_4b31a8862a857e6e,0.7322007281802978
ck_87cf36a03bd63c24,0.1947164974083922
ck_adc576690df5b33b,0.02088329999008829
ck_02dbabda93c8c13d,0.023069213208350925
ck_64f5eb4be9e7b8fa,0.082123985530483945
ck_43c1248db37a2eb0,0.0083748938073264188
ck_b08afc91d9ca55db,0.027380076698823017
ck_237508ca4fb37268,0.010336134445616757
ck_982b0bf2e2b6c4f7,0.0013045873778837285
ck_71c3a8e4c12c989f,0.016306134707963896
ck_41938582f4351772,0.016694313601879299
ck_642344e5c652d8df,0.016603295189654262
ck_cee56be5a502fbd1,0.20890960276170722
ck_0f38d4aed68d7d24,0.064209249838396806
ck_3ed4d13f12fd9d0e,0.018510277507118762
ck_1a9e51d092d62c84,0.53612779621252882
ck_22128a4f0d033422,0.012420414757941383
ck_c189b551bd111332,0.0035757525321921044
ck_5d7801201749ffde,0.015380507196771424
ck_982c2392238b7be3,0.27463562576850642
ck_bb4c6b713eb0b978,0.13908909012527904
ck_2605fd571219e28d,0.001240381250755207
ck_bd30853e9a57b544,0.011092324186026159
ck_a5276af466b681de,0.0081990388465590369
ck_32e486859130458f,0.93928980404357632
ck_9e35b908fca1e4d7,0.003731947684151196
ck_c285a51ed6214f52,0.088974902444964643
ck_67674348e68d1f25,0.0064616052959128537
ck_7878679065876b98,0.023858483472620148
ck_bd32dd3b2cbb7888,0.99433180120371112
ck_16dbafc035574654,0.0063458969184165626
ck_c1c2cb49c3c1b0f5,0.23145904796307754
ck_8f59f11b512d5b7c,0.070640618023330631
ck_c1b493527224a27a,0.0080711740079322178
ck_e89d25ed7bdeeaea,0.012267845808119628
ck_9a84b396aada3fa8,0.077351125884235317
ck_d2fbd0df99634676,0.052498951417351135
ck_67a1aa88d2ea554a,0.0084819545942014726
ck_ab2e3fc56f5b3aae,0.16866605998747938
ck_77c587d24695ea15,0.037275537374112259
ck_f0d806624ef3d359,0.0033423371014548037
ck_160e9ba0a3f7c1fd,0.0016051421935685639
ck_8c0210322733c718,0.0094816944666824519
ck_ef261fc09be8eb0b,0.0067558190017919257
ck_a2624e0387974e0e,0.085868118636677343
ck_6ecf56236789fc09,0.9616380212820419
ck_3af1eb88728ed8c7,0.032057579548732423
ck_5d8773badd0d4740,0.010650383704668767
ck_e794741742fb2619,0.006344739850150374
ck_2f8120ca80a1592c,0.010258179344093447
ck_ccb4dd9d0a48a76e,0.0047426748400684702
ck_bfa7ba218b988cde,0.019788218022318574
ck_64b4dcbf436f0b75,0.010529271594984645
ck_41ba315d8fccb559,0.0081466555466212856
ck_d23f9a50d1135ce1,0.065267372822871969
ck_4af5ec61ddbde1a4,0.017533381781834619
ck_560bc6017870ab06,0.0053835222133786585
ck_dbdf8d0708cc6718,0.0048957744414569538
ck_e00332597cf1eb24,0.0091338974311627793
ck_df6fe4ec5a233213,0.0021667615753587655
ck_94d5ce61a0c50465,0.062138850304379517
ck_e6fecb82fc2a82de,0.016052473375494172
ck_c4f4f28457be8a74,0.0015132127895630021
ck_c7e129058beb3ac1,0.012968777629973803
ck_4ec040b9e3785e4a,0.003229106498101729
ck_e21f9f96f597695b,0.0085137845626490887
ck_ada6ede84c111719,0.012493750462437322
ck_549ed417f2834cee,0.056857027171080279
ck_5068ee554ceff971,0.041514601214426405
ck_d7d50fb57fcb2d0e,0.0014382628088475033
ck_e0e9cfabb979f428,0.0049733510106249393
ck_34bd190d37eda534,0.028485513943719693
ck_99021fe7225b5a68,0.036320124025594244
ck_55933936536a4071,0.013264931032967482
ck_517620ca16505af0,0.014022039285826259
ck_ce927322ef8f651c,0.011331638849969183
ck_b294aa27a0b586d7,0.0020733656669515532
ck_c9f9fddef39bc664,0.032435385879479403
ck_13757bf0eeb353e2,0.011903379539635281
ck_d116e0e7c19b878e,0.29756171974532691
ck_a3747201f377626d,0.9424619730545799
ck_a315c9619a317609,0.016745839490065854
ck_9958b58da9e3c21c,0.043561435130310591
ck_89184bf7b7fe41cd,0.048979812425298051
ck_16b66bd803288bc3,0.14742779522050048
ck_7b382e533e2e925a,0.012187493474103715
ck_9a56739d81f84a53,0.016584629068861531
ck_4f0c5857da45fb28,0.21013406923567837
ck_3b49768b448b071e,0.17878127744343578
ck_54bb53b8f8ea32ae,0.98725780180346323
ck_4c7c50684827a2cf,0.015321873522133742
ck_538dad7f096458ad,0.0085361786257351843
ck_2884bab237af16b7,0.0090730060387718102
ck_8a6ea4a79b1c7a8e,0.014448084141962912
ck_57c14e32fa4683bf,0.0014963759429142296
ck_c5b0f0d4f1655a20,0.018314139622543447
ck_aba573aa942b1d41,0.0059605334103013802
ck_15239ef0689c1a35,0.014998111042388858
ck_aa153a89a52f7eb5,0.027380076698823017
ck_fce0610c527e2b56,0.0090106168009443342
ck_863db2e394dc47d1,0.98093610982367707
ck_66dd4f4b4127256d,0.0027281326398745131
ck_79205e31223df2ad,0.016106290289690166
ck_31d5e3daced93d3c,0.0052911342512025851
ck_1fca72e03143a645,0.92863903410418502
ck_a627734880aca848,0.0013557392007631996
ck_8449a28f7d475d93,0.025298243498445512
ck_27eb86a9898cdfe3,0.010328084016438399
ck_50087d8666191144,0.042449792432497198
ck_d28806a2179092eb,0.99594035021095029
ck_bcc8519fe8521038,0.058726611339802337
ck_53036d3c6c74446c,0.055375680640238442
ck_7d81b59d615a6649,0.032724262819363407
ck_5e5280539257c986,0.0092408638271667919
ck_1838cf8d00f5b1e1,0.010383009029924364
ck_50460e0189de6274,0.98535188847869593
ck_325caeab5c7a9c3a,0.020236055843077645
ck_7ce4ca91b8f9f1c1,0.010277869039501012
ck_f87d66946252476c,0.079426460188619652
ck_6d0d081bfa8a0022,0.048543914484417749
ck_ffc8e3c1377d0706,0.0078885272850232214
ck_38d1a22850178f33,0.0030379681741676823
ck_5c58e7f8fd55e26c,0.0075426810455729888
ck_1375ad9f10688e4a,0.0011625037431780435
ck_7ce768407fd48321,0.033851283199956027
ck_31b16b8848584e98,0.089004415673308732
ck_fd44e34af620e606,0.017311833588032451
ck_9441d48a12e8a4bf,0.19867174757040412
ck_f69e93388b3028cb,0.060842692114990854
ck_687b412e2aac7eb6,0.053912417547470767
ck_f473a03fbcdbc4b0,0.0054591593479288618
ck_28588fb03b320520,0.10084764068439926
ck_9f9555197480d1cd,0.013048263540331144
ck_2ddfc948b8eac752,0.12921997864960436
ck_d56fc799542299b8,0.00077171251562000419
ck_edde1d7d1db24725,0.011443431499022442
ck_81793387b38047cc,0.0038994104348053713
ck_13648cbd306eee6d,0.011022386479253972
ck_a5d7311291caaa54,0.0043714393955876091
ck_bd26d2bef14a8597,0.0045858121525928974
ck_8129e81cde280131,0.0050939316082948332
ck_431118050b834dcb,0.0011925537932673666
ck_580dcec33ec232b8,0.013221836643248532
ck_ecf006bbc78ee3eb,0.3569253825102805
ck_acf7d65eaaa4c31c,0.005329761460946175
ck_8ce9c5807acbef48,0.028995615041116713
ck_c3d7d3d12a1981a3,0.0062746951822667124
ck_9075432001a64e75,0.023600757404426742
ck_f99738dff854e25f,0.0012847569891155262
ck_a1a93c5f375f6021,0.0038655918647728417
ck_a35d81bcc54ece2f,0.05758482162231425
ck_f3996a3c8eea1ea0,0.013318576964932884
ck_b75b936aafac56b9,0.0095108848584358405
ck_25c355da356c730d,0.019360003177761147
ck_5615c6bbdef05291,0.067833394947751202
ck_4db95c310e105d30,0.0041270278498962499
ck_b76510998b9a2260,0.01090986350239757
ck_90bc176c43d85fd5,0.12361408802914778
ck_4b387765f0e916cd,0.0026912243746163682
ck_f11b1565f986f5e3,0.054893044993612236
ck_e5018f9418e0102e,0.027140345232749399
ck_a08f8dfadbdca112,0.0055641488550796005
ck_cdb8061d8d1a6c5f,0.00324033275654589
ck_6e8ebaea8f7bffaf,0.002568750153274452
ck_66746d1090d6d9e9,0.00080545722754143327
ck_9cf5e88e97c8c7ea,0.037641079694032673
ck_fae7e518a585fa61,0.02167647513568223
ck_8fc641b1750a2542,0.07050123068009248
ck_c9eeab826781dc91,0.016776384140478218
ck_95ffa1a805a1c9d1,0.0017405799433856844
ck_e839d104854945f0,0.0040352775162984167
ck_f04040a830f92bac,0.011057818940928714
ck_e8b5bfa6838e28d1,0.01485219422091885
ck_72e7b1acc19df820,0.0032050711752961468
ck_fe43da07608b1749,0.011262142438708723
ck_7e29c10d781c3b41,0.036379420692544739
ck_f56073911c9f1ab7,0.0014446008210114089
ck_68be4fefc85a6b64,0.16376124621090754
ck_f07b09879d697b82,0.0065369651107816942
ck_b9c6b32f6bd92a3c,0.0028819305409961255
ck_c8ad86806b9a2369,0.059555058325272053
ck_722ac47c8ac9b6c3,0.74239706006007766
ck_d812eb6930192793,0.0033811709795451557
ck_1774faf414a5d49d,0.68816277719990826
ck_7b93a622e40d8b14,0.024122335531831005
ck_39638880292782a7,0.019774566880123121
ck_11132d245b94d045,0.0028948075055514038
ck_f736cffbdb82db34,0.0013044710250218233
ck_0e477084434da450,0.0090824331328244554
ck_ea819e337233475c,0.26181071592593785
ck_c6b6ebe145a8ffab,0.0031118101248896364
ck_0af3c13ba56ce57c,0.00095142594151962604
ck_cee8d42475a0f020,0.0029341065572880166
ck_748b3ea941d8b3b9,0.0098198041200943942
ck_96c3a3517153390e,0.0086039768326284342
ck_de8af660806b97b5,0.003526720788864215
ck_2951d76c41de2569,0.030576711322591609
ck_35fe969c58b9e70b,0.039454866211498171
ck_59684167f9c6bf4c,0.12307440686237794
ck_1645e6cc53fa99ff,0.015317731239549225
ck_fa04ac31e596e7d6,0.017780394804164587
ck_ace21f6daef94f6e,0.005467905553836824
ck_1cef30d08f3a598d,0.0013316815495892486
ck_cb61902798ecc4fd,0.021052258288911638
ck_9ee044b73943a90b,0.017162797235292199
ck_f538ab6aecf2adfd,0.0024828197424008967
ck_c2608f78f6851d10,0.096696023216919655
ck_cf49b6544aff6c50,0.095202646365080634
ck_f45bad1606fa00a7,0.0031629515613628579
ck_863708a99b92ef0d,0.070729622342726534
ck_7fc9a0776e1339e3,0.0021286878844903206
ck_320df984791a1b99,0.0027794956292124555
ck_6fb2d142c09ed3ed,0.043512036405439006
ck_3e47f8c56c811700,0.0023304731810586355
ck_0add2c321d579d75,0.021939145894185136
ck_e4c0fc52c82065d3,0.0059491453344400454
ck_ca68dec0c7df5a12,0.0080675982328075827
ck_ae3a763997f8f385,0.023171242984275621
ck_a38bd07a5fac5c9a,0.0050625429345876397
ck_a73045e96af0e4fe,0.035016476052463302
ck_f29dbbfdd2786bd1,0.011727279841881431
ck_a7331e8b808c39aa,0.049974199323905982
ck_16340be3f2a7fffd,0.0010606887835065439
ck_b129261da9c3c3c9,0.0023615594285108883
ck_07840bba5570785b,0.016136968032770128
ck_abb056a9deab275a,0.010240365489849992
ck_126531a9126c17c4,0.0034157379791479661
ck_333a43ec339a04cb,0.016594558140186691
ck_34a6bd3be642f15c,0.03644595557437498
ck_9c46711b14d9eebc,0.0051986302838645431
ck_3acccc69f8b1fd14,0.026069373713518026
ck_74665e1209140ae8,0.080906828940920522
ck_670dc4910cf476c2,0.00096129903624921141
ck_7e2d6b22a0ae20c2,0.040588553202712457
ck_723323f6870fab59,0.012631949178768153
ck_c8affb27ba7fb5db,0.052240778169523591
ck_e5f8c8a5824db594,0.013994681909161318
ck_7e5f02b51b9f78bf,0.013178440339864759
ck_b7e25ddd41514d4c,0.0032701720756069513
ck_0e0919292ad33472,0.9150861356854737
ck_e35a4b4a3cb4cedf,0.031514252474902728
ck_65be698386474170,0.0016508235922647234
ck_0cf220816e320ac5,0.0087337780277102831
ck_0308e0602b856445,0.0037109605702606335
ck_5e1b81848718bdc3,0.035393241329659181
ck_2085433978e72ea9,0.048282718090647964
ck_b5e4c6dbbed1b773,0.017079086693961416
ck_eb9f0c06ee017ee5,0.037131885471713741
ck_30dac0a58c5590cb,0.22941345988667428
ck_05e01ab9c95449da,0.021171241210032936
ck_f409ff994a210601,0.023870969953693824
ck_05652e8ace6ce6cb,0.0015183882737935441
ck_f4ec4a935e51b4db,0.0061627376422584319
ck_df5aedb4118020bf,0.73433373674459079
ck_1dcaa3078dbb7571,0.0010307399369859401
ck_47e1032f490bb018,0.011374189867634965
ck_5ea89567dfe78e4b,0.0076314326846909312
ck_1225a97fc413a419,0.024284787052622249
ck_2296d7a563424883,0.0049177748828734148
ck_57c07c45269ca8c0,0.024231094825266856
ck_7df3f8f4f1068d62,0.0033581167813625497
ck_558ebde8c29132a4,0.004260905082081874
ck_2d923d957ffd4d53,0.0059257032671405398
ck_6ddb55b1f23c6cb1,0.028308131011783581
ck_93470896f0804b6b,0.80378386369561916
ck_556c62e92d4e7e5b,0.084880608359158852
ck_a059d00cee5cee99,0.0012450759538824624
ck_0174d76398d9dc0f,0.021104398656989022
ck_49e253ea12f4e922,0.019238075763242844
ck_f7276091bf513d22,0.0034715074255319426
ck_d321249fb065d2fa,0.028122282695596097
ck_e0403d507519b7d2,0.0013468602367016831
ck_0f3de7f074bb33af,0.0040640501692565676
ck_bec8324a3587ef04,0.0024603075652691866
ck_a3c25d6cc7478068,0.026966992950436704
ck_2ab7eddee2d8c49e,0.0044882661801627774
ck_e475a3b8ba870a7e,0.0049864427285166001
ck_9b2b0e286de78a1b,0.011772572267428614
ck_5cf67a3a747e684d,0.20854717772291448
ck_9401f9e11f65337d,0.011914165012088737
ck_a0e5656e1cf9cbf5,0.0048644965793230629
ck_398a1ed77b0130e5,0.03130290100947463
ck_4f5d022c99f118b7,0.006007219276898965
ck_630530e50764f229,0.023292736774914034
ck_5cacad76e02c8e3d,0.90748048541975401
ck_2cee2dd7bbfc09a0,0.76760163052211738
ck_9478dfe4114c30f6,0.028419531936834396
ck_2a09c7aa870edb6b,0.0018242486749508256
ck_d5d225ce41a1a762,0.011340257364362664
ck_76091f357974a152,0.018735534723028337
ck_26cfd7c3c6c7bf69,0.0074385338017762762
ck_8e54386f4fe22cad,0.013073919815531829
ck_22b52654776a1ea8,0.87200985449487867
ck_822d6e8e43befc72,0.62193291884772539
ck_15eed0f5652f0352,0.0087873569898688844
ck_6bc351a3d57aac54,0.039926315723659525
ck_bc736114a31088a7,0.04032530830811501
ck_002cf760d173f0f8,0.015570199689963489
ck_8f8e4fb9c6190272,0.013176058554433358
ck_a39d0bca345b492d,0.0021746459357216627
ck_216e87a41de22b5d,0.11786883922966808
ck_75296704f5806f56,0.020267917614465229
ck_2bdd8616870e5e1c,0.00080751896364453615
ck_798157bcdb9453e1,0.0012121650350443609
ck_9a1e3ec9a1839939,0.0087518991435746544
ck_a9d994554fc14a02,0.00094105068976398077
ck_410c3e13b48e0415,0.0018096367450685254
ck_d4febf0083800424,0.035344287286881215
ck_9527adac182abe57,0.20885770130954318
ck_4087065be2a45ad7,0.034876063590681544
ck_c0e8560ccfd9dd9d,0.0087524603589220935
ck_8d87658a6f5d204c,0.3836102337199172
ck_d973444855403e2a,0.015472938183816204
ck_64eefec062592c43,0.010160383752977196
ck_5b86fd14e85bc9c7,0.56040694879701092
ck_ba175b1bd8efaabf,0.007448877770567127
ck_7696e38b3e4197b0,0.0062360552827729031
ck_51bbbf8f8e8ad005,0.99732243271220211
ck_df935d8bdd44883e,0.013375344621279553
ck_a0714f98001efa0c,0.02360637837863136
ck_8c9b57ad2a991416,0.006211466570756944
ck_c8c1bf16d9113493,0.10797127601705131
ck_b89cb90a420c9075,0.02032281702711326
ck_f0424b3b36bdbef0,0.037289376858704329
ck_8e89ca8b39f3f8ad,0.0023211068201700828
ck_9c5feef7647b0588,0.0051660890948245228
ck_374865697f1480eb,0.022052280761551957
ck_0229a07185f15469,0.0065982599333710874
ck_4291fd9c1161d8e1,0.033046402554767637
ck_61a59a7944d6c53e,0.74641654656766354
ck_f21efd504faa654c,0.0056081207639630086
ck_64c1633297f43788,0.024553523495970869
ck_991c4c924a1d85ff,0.81374632497258848
ck_2dd39723c4088b64,0.0233941908654587
ck_65f76421be648549,0.017147856492602129
ck_1b93381d8eea58d1,0.025496046449933807
ck_8572c5f5c1447c62,0.03957836726605192
ck_80b8fca67a14e0be,0.29164141636309632
ck_45ed5ee496ef8a67,0.013412249597468491
ck_36979996f33498f7,0.88628073922595907
ck_219bef979ee21bdf,0.0017828781178760216
ck_7a6cb27e390b6ceb,0.0079630255098071361
ck_d07485ba10514a2d,0.30546137962899472
ck_81e21354e477eceb,0.013676891979036881
ck_df39e3b8a9fd0bfd,0.616099233083373
ck_49839e761d0e74e9,0.018974393053772583
ck_9d7b9e3ff1f3e71e,0.015597737925769326
ck_f63cb5e8cc702bad,0.010140985561801194
ck_cb856e75c949b0cc,0.00078321690763506302
ck_0fd9312411b0ac55,0.018974273924889491
ck_9affb0f26776b642,0.0056843404077205409
ck_c417d06f3e94685d,0.0077509783807054502
ck_6c2453229d608183,0.032708004138368309
ck_1867b1199c864db5,0.056418723056269014
ck_8398adeaf41f9cae,0.0093536605443847835
ck_796d3eaabc667c23,0.99435032725309025
ck_b4d55bc809000276,0.025462077747005103
ck_839bf139296b5cea,0.0465355677826223
ck_e57b94fe57341058,0.021127424758552463
ck_8ca808cc5a49cb5c,0.012073320647734729
ck_f4ec334be5266378,0.0029716883985299088
ck_61c3e3e277629646,0.016237920162629572
ck_483fb981a1fb4317,0.0050752883911837129
ck_71f382d5e338daa3,0.021867568448865435
ck_124a197be41687f5,0.024886368967359615
ck_4e4f99102f6938cf,0.0076544526274251595
ck_3add4d23124c9290,0.0019056272764050683
ck_5c3f13de0dbd5086,0.018602738023356304
ck_921ff5ceaf40a968,0.0264821972926607
ck_fb0c138c003e933a,0.0015853204365182008
ck_5177fc7137ff26ce,0.0012447235666974766
ck_dfd4e79aaa967b63,0.0040552897208766658
ck_850ec97a5a0dab9a,0.018810987406033212
ck_d1a1cf4cf61d6801,0.032799626651558549
ck_646b15f753e5e9c6,0.017269397080341319
ck_60f4fb44f5efe3a0,0.0026400426342552546
ck_b53084ffede19a8e,0.0023969416187791864
ck_5b16d67c5ea89930,0.020117107391481148
ck_a4ddac49657a4450,0.0081820599497381685
ck_f917c82af80e4a79,0.063064151820787423
ck_b87ef4b98cfcec4c,0.028103592149729441
ck_877c85bad118bc62,0.026012370208711687
ck_42317c3eabd0a285,0.31102776657895548
ck_a5bdd026fa9c50fd,0.0088756314405723288
ck_7c88d3d377bb61bb,0.016327237998089411
ck_9acd98f4fe2d474e,0.080775128642694136
ck_6d64193681d2a94f,0.014434384488662759
ck_991b7dfd69098320,0.0029629426527964823
ck_c5ece5ffb8800ad4,0.0084524392232498222
ck_ffe91d6f0bd93fc6,0.015904786944426076
ck_14f9535e53f9c7a6,0.0067639515342048755
ck_e35b2ed08b9e55a7,0.013498697079358237
ck_3ad6e7bf452c9b21,0.006886947937968884
ck_ad8cbe6e27e47ede,0.012652302107638876
ck_29fbabf855cabdff,0.0013330309917401117
ck_700cb620f300dd47,0.014768213948489949
ck_b1cbd6679c0f8d95,0.0086850091986169446
ck_708fea345f68037e,0.0040197061749795123
ck_b08247c3ad567d92,0.19545189687303166
ck_25fea39897f2a559,0.017042984244495615
ck_9eb80edfa43203de,0.0035800368255618303
ck_6cbb011e0c70bc7c,0.013655954653084765
ck_309a432c160a17b3,0.012624518192139677
ck_e949a0f4df0b3902,0.28025682354106624
ck_4b123d6931b6d0d7,0.79054222982246869
ck_13677a1957078827,0.0020021165494093661
ck_243bd5ca8c4ae5d0,0.02531267368341631
ck_360237c1bd30f4bd,0.0088912528569584127
ck_b17c239f160e6017,0.0092269989313835919
ck_c91a628236baf91b,0.033010801745484535
ck_182dc4a2f5a366da,0.0045670671049247488
ck_9fba80f56f357fe1,0.017792975703603026
ck_c1c5ea839c58958a,0.029598269826385602
ck_6a0684436a1e66c3,0.28395716635270463
ck_63d2978706e193d2,0.031644879726268137
ck_8703543bf3134306,0.0086919365348066668
ck_d79bdf04d6f31cd5,0.0024165809619541975
ck_b0d33b5a3716661d,0.069075057886441651
ck_bce253d2396681a1,0.018598837282601227
ck_9be551300209fa83,0.0085343236132407393
ck_ec3d12848ced99f2,0.0045816473654328458
ck_ad305286702b1958,0.0011005914426572216
ck_96c7d52ba0a766ef,0.010129114580984828
ck_e1d5ad20c737c745,0.045061772193553638
ck_7429b3f87528e335,0.0087913478743952313
ck_cf606fd6ebfdf9bc,0.0062687202073374824
ck_878522cb775b904c,0.015857559345767908
ck_218b7e6e6dbd2da0,0.0013741064588213068
ck_1dc23dc870f1773d,0.021118235825204015
ck_fac046ce336fe39d,0.0030034017391338025
ck_0d846660c7957a88,0.0070406471984397539
ck_6821459b626d492c,0.001332090355591412
ck_dc4db8b932df49de,0.090187227329816946
ck_c49832eabdac5bb7,0.0052700738344069187
ck_c3e37a4d3382c32e,0.0034341716737318166
ck_68b8b859a6ef505b,0.006857912833331284
ck_8d501a0386c66be8,0.056856919208625151
ck_86b853c52f20fef5,0.012943824596199013
ck_15886fe84866de92,0.018210205307544386
ck_92de019e05971ce3,0.014394001954515815
ck_af7ffd1a822460d3,0.30867462694999043
ck_917d82c552f95a23,0.028778796768961203
ck_74e5dec189761d14,0.0013168361246757127
ck_54b374ade34e1dc1,0.0048714432514503506
ck_beb97e498e6cf8e8,0.017138810869973906
ck_a96aaef34173aee6,0.067311021439609181
ck_79ffcfee599d77c7,0.0096433964963203583
ck_322ffda3332d08a2,0.020022724846440056
ck_3b1d7648d4580bef,0.0033523014279567952
ck_6e4b99fb9725d9fa,0.010390096608181184
ck_893b8afbe11301e1,0.0048435356860593868
ck_56b992c6f136fa5e,0.01051677347384756
ck_c624b9063400fa3a,0.15773463828978543
ck_bed3e3db135b782e,0.049874958883805713
ck_5d038ecb3c8748a3,0.0088998343718048739
ck_77fced07f6dff42b,0.023226401703697195
ck_05d81b1a150f31c5,0.0015843050875072151
ck_285719c77eadf915,0.00095129474459422752
ck_664b5e02759f985a,0.0053755667646966194
ck_eb48c0bcd12ea654,0.0056912391109664034
ck_1bcff399166d7c43,0.0065660795243962459
ck_e9e3381d5e0e5051,0.0029675781277327768
ck_f5f87f772388efa0,0.016141432703523313
ck_80b072b7f3c7e8e5,0.0067409410106644757
ck_386680372fb54857,0.0027647915859288011
ck_d98934f9fe0b02b3,0.0021692512381308142
ck_283c5bea94b21e80,0.011249771773454913
ck_8dbaaa00ad829ca9,0.036983628636093668
ck_9782c86ba6485f88,0.003132369905218345
ck_83a69c4a5d55ef19,0.0069450983493174554
ck_4fa85cebf707de2c,0.0010284457501311558
ck_ce1500a7f0d03fba,0.010354504876248689
ck_73d60b4630e3937a,0.0021806148860127289
ck_279d43303708109b,0.019769843628305729
ck_64ff60c073fdb6db,0.017504842937463919
ck_d5c14e877ca7b755,0.0039813255239148394
ck_7e5401c362b2216a,0.0036282621850594705
ck_064b2aa3f0bfdb6e,0.012488164536273126
ck_70066eea13b4c34f,0.0099348354966546943
ck_f0d349d68249d5db,0.0023874264993848453
ck_86bfe328e0a533b9,0.92723593739201526
ck_18f67c00ba21fbde,0.015003860958958205
ck_72fdfc7e6d8e1436,0.0021810388303771808
ck_75257ca7d7da2861,0.02916652504714181
ck_a0c3059a959ba5d1,0.015916218652479497
ck_52f641c9ee6fda70,0.0037385761341900327
ck_7c6b577174af7a78,0.0078797030387050306
ck_52174855b243a8b0,0.020099266847361914
ck_c12805fa5d970a83,0.029503179124506743
ck_0406931800e0e2e6,0.0033011472488437186
ck_4b97d19ed946f503,0.03804085010777522
ck_87dc484baaf5a23a,0.0010227532103223912
ck_539cb0d117db8cd3,0.21636536518703253
ck_09f8f51bfd2492c6,0.015323225774938384
ck_05c4dcbb45de1f8d,0.0033204691827642885
ck_37139b41c5370523,0.036483855676570143
ck_ec094eb1cbb3efc5,0.005759770149890717
ck_db32c95ce2b6f502,0.9193442011125853
ck_7a02ee1bfba7353b,0.015472523432029704
ck_571dee4f3336c7ce,0.030171738999998733
ck_c3c69aefe7ea1d2f,0.0060823171388276779
ck_de05f97c3d40dd1b,0.010300994626652933
ck_823539d936c55fc6,0.0016424441085092622
ck_97e94708bcf43563,0.0095768932484262357
ck_71c68dfd011dbbbe,0.3176457514497199
ck_f5791fd8fd8fd191,0.0073453088958095897
ck_ec986285fff05b7d,0.0027675831579255482
ck_da3526ab6c5c884a,0.017350205353358229
ck_f9197b070416f443,0.027364785607337676
ck_4fc6256e0e60a926,0.016463637175228998
ck_9c0deab8a8367c5e,0.002253501775312011
ck_f34fb7ccf82f41e5,0.011919815438096126
ck_777669e2243204f2,0.47931949882565039
ck_d3a2a4c011fa2554,0.0047177479132283259
ck_ac84b33304362c06,0.0094707871914654022
ck_16af4be191c47d3d,0.002675466289653847
ck_0446920a1004c596,0.0023184767634818592
ck_0c6a50d747593b7b,0.0049178490516682931
ck_193d9c87ad3f1dad,0.0052040237084080721
ck_5b8315726f6204e0,0.020532467876530763
ck_f7e53af3c91fec64,0.030813121852312657
ck_e679fbf4f4f4aa07,0.010828708505036928
ck_59a14d2564193101,0.013475432258780937
ck_0e9ec486bff403c5,0.016784110270934384
ck_f6b7a10d47dd9a1f,0.0075771171189446384
ck_4b4d99e443618904,0.045404290758372601
ck_4f05daf1cf0d5755,0.0044355276756035704
ck_64ac5e6fed86ab60,0.83339984345709139
ck_01ac687ce0d696a7,0.047849965306909555
ck_5f9a7ff990341bdd,0.0011449607837195738
ck_010d0c2e6c1657fd,0.019757391318163467
ck_4b2e87d86a5e415c,0.017959880594656075
ck_66f9f78d4c6a3edb,0.027574468681474402
ck_0b1d84252c0b46c2,0.0037296468355886205
ck_68b5542459638b56,0.067351234231189383
ck_62967b91504149f9,0.0055858128704428462
ck_f99bc1732ce5e999,0.01457350459811361
ck_c2017120b3b88a46,0.004903207689321956
ck_f7ff94c3df5ac874,0.026919485764245313
ck_25382331551d22a5,0.0092563843241265029
ck_703b41624ae6a5b6,0.0015533049595297993
ck_e2c66c72cc0b0f78,0.036396988003804399
ck_28ac4c5134cb8e77,0.020874746814316416
ck_168c96a1a636ea15,0.0093833343876675544
ck_39a81899dded61e4,0.0028150873981661099
ck_94a096c36162a153,0.01100601184730594
ck_ee535461b5f05539,0.94606574097750273
ck_59c29d9c57b4f994,0.0068198512567006035
ck_8982888dd6611143,0.0038045373747127601
ck_60896cdac2212bea,0.049944514454347784
ck_aa188e5c25f7f42a,0.052293568279279438
ck_1f56fe99f250cdf4,0.052041989562938248
ck_d0dc156441fcfdcb,0.062874369205845868
ck_395f3bd4aacd7ca6,0.021210978003076992
ck_5576b725de38d106,0.0061723775572777376
ck_e2d1f212f259539b,0.0088594486989859323
ck_3c3a1a1365741bba,0.0023303713343570368
ck_4f325dd15c9bd45c,0.12807458313966774
ck_66f0945add423e9e,0.0027357090629750551
ck_a74f6a3030f5d495,0.064652657822797971
ck_d9ea77f4114a389c,0.00298260848732744
ck_bf15a1f8d67a30d3,0.015724656863409354
ck_bb643194d1cbc47c,0.99315648829881953
ck_80e5ea27848069fe,0.0058100236901419515
ck_635646a661f05b4a,0.030626001028622594
ck_bd80546b4807dd59,0.0036358467778669842
ck_63743141ffa11f45,0.0090369511494980351
ck_0b8b7c5c581fd161,0.0013883065167957609
ck_79d62ef181bd0cd8,0.012410564550231745
ck_562c76a3753fc7da,0.74633141507782375
ck_d66bb1f063357f99,0.01210536971767991
ck_89d7bfc81c3df597,0.0024835203026026863
ck_fb0cf32c4a56f740,0.018675460567428619
ck_6c679602a6476ab2,0.0061242330579990064
ck_71b37fe47490b4ba,0.0019319334473049828
ck_494ec63c5ce8e150,0.0066699398300113302
ck_92e474e4368c4791,0.014275535904668096
ck_2d3d6c9364362017,0.0017911953451513569
ck_354379de065a8ff8,0.020520199578048529
ck_f7bde7265053364d,0.067332647745930438
ck_820219bb9c761b52,0.19499264563908561
ck_a5ce2ae36fb410d9,0.0015014981809793881
ck_ac55dc6cbcdf8228,0.076307215940053658
ck_f34c93a8173555b1,0.042993274963451067
ck_fb3b68b4424b5f92,0.028543162414342779
ck_d3f44bbe2f7e9b2d,0.01197684387316561
ck_dd9c5f0c42878e67,0.0021708806357097167
ck_41bc3efa0fca700e,0.028548646677680863
ck_4d1baef193cfb900,0.030189685597914771
ck_aecdc5a96321a2d8,0.0039340219091325524
ck_e7c8a9e4641eb9ed,0.00089411791854527277
ck_f2350bf355dc919e,0.014375060213996708
ck_bc61c59970f8de49,0.070167075812736304
ck_389607982eb6b701,0.35405292260722288
ck_ace6b72e5bf3e93b,0.3970530871920338
ck_2afdd69094c955c5,0.045130318210291967
ck_fc9f16df35190eb4,0.12666335699757805
ck_c43b4175fc9ac5bd,0.83348995405415116
ck_1a4e5ace078dd782,0.016335103517159687
ck_232325ef6bce92f1,0.0079035188604324579
ck_51c50c4c443df31a,0.66773244160381706
ck_126a82e8d42e5ce6,0.0023361999137543801
ck_caa348f0e65db062,0.99520469166772629
ck_a6f61864fac3c8fb,0.0099225665736620526
ck_694eb6c43193afd4,0.0084423667561824185
ck_d7792b429620fc24,0.010369206144729092
ck_2208392a9f6bd249,0.012354651857052874
ck_8ff7a9b23a55fd62,0.0060934144641545647
ck_8c5b29f6666d4874,0.015411946158927605
ck_fcf5b8216d0c18ef,0.0020588645623275973
ck_393287947b5c8d79,0.022342169620707529
ck_3e6833574edf1736,0.01377519381081108
ck_8b772caed8f1541c,0.0066652306698747419
ck_e914974cee1bccb1,0.014805159903703206
ck_4f1e962ff8a29732,0.0049893400868142868
ck_f6923088c17a04e2,0.018646393838150463
ck_10f90d879209734f,0.016067662866242338
ck_3d6c3c00d854f5a4,0.13439453129968215
ck_6e8f8ef7a03cc6bf,0.0075281650880335265
ck_833688de8629c5c0,0.0015995258335562952
ck_20578ac693ea4e93,0.024613160382643048
ck_43aa136bdb0a2832,0.62473519325096638
ck_09cd5c4df1e81ac2,0.6611348122996501
ck_8f4b384955bf57c9,0.0081272446999368468
ck_94b90ab8b2dfb50f,0.033538142515593269
ck_ea618f720ff0b4b0,0.0044620504409208306
ck_6c83aa1d100a7cd8,0.098749659252833299
ck_e7be077aa0b2632c,0.0096521398063225822
ck_e10ff5c38bd18470,0.019883850782951698
ck_0593ae243a9ebee9,0.014072267874871369
ck_b20b81b88dabe28d,0.0040206867250986121
ck_2bb6a17e8eee35cc,0.018027247380987012
ck_8def763034187436,0.0073289142466691892
ck_c1aebbeca6ab5ff9,0.017819314086028083
ck_ef307a6aee38d1fe,0.8717235598348867
ck_49dddb894d33f6db,0.0090726331767474709
ck_0daec63bd5b0729d,0.019719844452727779
ck_c49b685d2b3ab89a,0.014961987228850043
ck_732d45bd578dc39d,0.019455696958733316
ck_74c3c3452e4e7cce,0.0026604249450471662
ck_5986119e7d81e831,0.01150890205930595
ck_98d2f9a6ba3a3077,0.76138462979241828
ck_586001d3ed9e7fbc,0.0023602038899786879
ck_03be334935e999a2,0.0057806581329509985
ck_9a43c0c73a39d759,0.016709711209847412
ck_a1c7cf63467df4c2,0.00128192603050162
ck_ad48826c1c26eb78,0.93671337020525103
ck_985c9ca112000e9a,0.020526001840513994
ck_aa06ed358e43db69,0.10701151122416533
ck_d21612d48bb4f7b8,0.0093893667158454139
ck_9a9e3dac79280d7f,0.081848677911329604
ck_8250eddc1ecb07a0,0.031161200764398315
ck_d6f27eacbad310f4,0.0079086313660369188
ck_27d69ff4e0cb428c,0.053426384085365833
ck_5e5461dac83531ac,0.026141656836917951
ck_d1bb8890081e0a31,0.024771454331786305
ck_cef2a485a77e0723,0.0030833589486580935
ck_3e24b026bc66789b,0.0012448328913123102
ck_8105bcf69a75ee47,0.0060473837341068403
ck_6494f0ef13ce44d9,0.0063958017057568206
ck_a4a7ef3ad799c380,0.0064799536749270978
ck_a48ec0c00ae20e82,0.012711779614388435
ck_4717f24f2c6f40e1,0.025669405373486456
ck_54748ae0f2daaf10,0.015627977625397624
ck_ebd0a45712dcf07a,0.0098948351545856857
ck_998475a2e4dfad4e,0.0046601424802600253
ck_99c0a41ac9c73857,0.0055404844091287127
ck_ca24bb0de508efb0,0.00362569064778179
ck_f2b8995fe5402759,0.0087831783295271582
ck_d37d56e931105db0,0.0048322871012472868
ck_e66ae4fd586fedea,0.0043812989672237634
ck_c1e7d1021ae58f00,0.0027133032306376351
ck_687ab5d5554bfa79,0.070055841431916802
ck_8f8e5e2b9dfec3d1,0.020619119555832427
ck_537cc97d0398c922,0.041495039155548932
ck_56b389627d8f02c5,0.94430910501726228
ck_48a6754977a44db0,0.0038561416770627596
ck_074f20921189e7d6,0.0059904404253908515
ck_f22aacaf86a65d7e,0.10170216615358138
ck_828eef2334e17b3a,0.018968101755395872
ck_dd8edfefa1eba531,0.0012180811617493899
ck_66cd34bc568d95e0,0.060798446413811928
ck_c95c786d2f8b8edc,0.0028276364661913344
ck_bce5b7fecfb6264d,0.01874286376201565
ck_d32fbbfe32c00416,0.021582596264466056
ck_bab5759b07fe2bea,0.008993862400941962
ck_c55afc68421d85e2,0.011003224951826481
ck_dca0b6ca93311ca2,0.042838961959243915
ck_e0571312f395cd94,0.022097699636708042
ck_fd038a7d33a9d6e5,0.0030288668505985411
ck_ce66831f6611014c,0.010050878515899071
ck_09fab6b9825001b2,0.0046568639169116211
ck_80b50fad7f255e1d,0.0089543561286036539
ck_2a97db9377d01e36,0.0033185897123697091
ck_9e5b7acf51b1b743,0.056907029212461296
ck_5468fa99c945d785,0.026127758177173714
ck_556786868599143b,0.026027872847071264
ck_a6d4f998dadc90c2,0.87820413514337836
ck_4d2159603045109e,0.016979579214785011
ck_a9ca2f447b984a6a,0.011015037687928726
ck_cd553ba6589d8bfd,0.018058517532223685
ck_830b2c5d1818ac07,0.10589196001122497
ck_80eb91b0b4001084,0.046976503237608019
ck_730226c2d216cacc,0.0091403711615275565
ck_f07e27d125497b66,0.010513190089212896
ck_b68199ecccf2350c,0.0065085003511991847
ck_15dd3ecaa8ce0245,0.7420437768968805
ck_6dac66c8198c07d8,0.049288331258788176
ck_6b817117d87063a8,0.0068537228224539049
ck_589109a188adc2c1,0.0077431389757350077
ck_bb76609b79e0bc9f,0.0066507414036916512
ck_f0cbd5383bb07778,0.027383412856516451
ck_02b9f418524f6650,0.01087522211624185
ck_4e9a6f06ab134102,0.02635334458889502
ck_7334a9ec656263b2,0.0070911930602517766
ck_f80af368cfc6cb7e,0.0062025166976501424
ck_d74b2ead8aaa3f73,0.027588665215701032
ck_1dd69a11daa7bf1a,0.016005675099091669
ck_7509eb97c1948b16,0.0092822542888671405
ck_a406bf11e48cf8c5,0.026159630261315622
ck_d1e3de178601d3c2,0.023532530936172261
ck_71044c29ef071570,0.0049459585374942308
ck_a1c88c0568f142d0,0.058071051735739135
ck_dfc6f5712d8d6678,0.473994974006825
ck_9c56114f84e9a541,0.009633864686233444
ck_d7c28eaa05bb7144,0.014770689340377383
ck_3a30132a57181fe3,0.029326086742593089
ck_48d0fc4f6a2109fa,0.99158680227553131
ck_c0389ebeb0e65cb8,0.0046720338771410594
ck_b4c014d5c0cc9eb2,0.0075879639368178781
ck_a4258806a533efa9,0.014604840209721087
ck_363751deae40edfb,0.21275384076680173
ck_c1295d97cdf35ec2,0.0045556296646732577
ck_648c03f9aa4e45f1,0.060644688359973206
ck_65ed7e72f24731e7,0.0038995255762329403
ck_633e6579f5c74a5c,0.84510736016953358
ck_45cd5ef6b359e9b4,0.0048698734716878236
ck_2e679af24adedac8,0.0060708078756193402
ck_9e962f9bb0e7bac2,0.0062788532825757953
ck_bef3193f124fca5c,0.057772514706149296
ck_a907fa8795cd4baf,0.00085436313787524976
ck_f280d31f54a4710a,0.018862613451296074
ck_8c582eb0f6c0148c,0.020012133936771724
ck_4807726e797fb893,0.034975173182281563
ck_b3263e7f31aab45f,0.031681160419564425
ck_3fb9813849e51837,0.0072097046226465671
ck_eefcf0ed15897898,0.018391526652781827
ck_bc996c523944644b,0.013437401304576001
ck_74b848064f2ff45d,0.013305031442569618
ck_5f9e34c849704b95,0.01227378836654797
ck_fc7a9d0643570053,0.0014701789886580195
ck_f437a53fc832ec95,0.57043386552497366
ck_56e6cfa32156a916,0.0079718864291297951
ck_2e1b46c5fc56b863,0.034290422934434767
ck_1af2c0b3b8d202c1,0.0063851534190025802
ck_27b07021500ee841,0.016746944268776782
ck_148cb0c723284dc0,0.0062513654765568825
ck_70b9274473bd6dfe,0.0027117100999988473
ck_fca7cc9c42695453,0.0040931763777316285
ck_8d9518f64b222416,0.011084995966421905
ck_f1e1c8491f16f912,0.0033289344728684731
ck_d36733da917115a6,0.029546094416575797
ck_a4691b57f837d88e,0.016949190528401957
ck_e738e920bbd74a7d,0.013595123304093258
ck_6d26a152f900fee8,0.0052109074312593883
ck_630c835243c66b19,0.9963823694904993
ck_e88e86b19cada4aa,0.019094132966727101
ck_15918075563eb074,0.0059063990462107779
ck_9439bff87e616d4a,0.010894556899285267
ck_993beb188dd4abb6,0.0093720522818761497
ck_dff090f03ca5529e,0.0021964801061037952
ck_3baae40454c00938,0.017667254285299354
ck_6ab83f45bf16eaa6,0.0053475106050694735
ck_77fa39d3b733c226,0.086015383158812089
ck_daefe1e2d2bc362d,0.0051657001465835331
ck_f01e94331067edf6,0.0089711293423372883
ck_773efe58c6278c3c,0.051516337366105024
ck_f7a7f8f5903617c5,0.016486073301640786
ck_fe037765aa465c58,0.0052935241506321829
ck_29f3a1737a2d9634,0.026647044170877151
ck_7825494e654d5695,0.048644562190178972
ck_325c7643cce02da3,0.021326338345301111
ck_01e0689157fe9617,0.2364552937082216
ck_7bbe1dc8add17ef0,0.0090095051181431386
ck_e0ca2c819658f6b6,0.99213588277083775
ck_2d14bcd2e0fc043d,0.0035439053669641262
ck_fac32d76ed40f683,0.027574373715715639
ck_50df50af592b0c06,0.033008853889360507
ck_23981a3261674131,0.0083490923515214081
ck_3a4811dc4a1a891d,0.0028607876808524535
ck_4874bdec79f9106c,0.019828407221641628
ck_fd84507228467b40,0.33560803317938426
ck_6a17384072f904c0,0.0052266549354269901
ck_74991a9e85c3b07d,0.0064989671412805806
ck_520ec32c4f253604,0.063047583937678148
ck_ed01be7504dc4187,0.032611207604333808
ck_c6fdb2972417c9bd,0.0082240223965923155
ck_74a06f347b32347f,0.03364614384759599
ck_1e7de58822000dea,0.0016330392117441929
ck_cbe716f351d660d4,0.006609626529814859
ck_7560f1891d66f294,0.0014900081911167447
ck_45f4c821c70d134f,0.58386260477689844
ck_b1ff9edc51d42f97,0.0095022026222785268
ck_114141d85256c9ff,0.001332884496018394
ck_d0e95b90ba86da10,0.011779876466474017
ck_252b0a0f1119b220,0.0037067449303498684
ck_28dc0fdbaec00580,0.29997407735785808
ck_650020c500b1b50d,0.036464156954582855
ck_e77529651c416cf7,0.045998906360706068
ck_f0982bbdbd122f91,0.022032304103395978
ck_f439f16f8693883f,0.014182307019729007
ck_e30cb64302939f38,0.044779491253021136
ck_873ceb8004d3a9f7,0.052832383475450398
ck_db6d1c6d31da967a,0.0046486365844999791
ck_8e7a32f7e3905f4e,0.021395482687294545
ck_2c91f62c05685ed7,0.0024406006411839733
ck_7f79878197340435,0.0045937334577753862
ck_23ff85f9d2355e8d,0.01231033988670201
ck_b138fc249e659e60,0.031826638422910815
ck_b911a09f328dfd4b,0.003976877657696264
ck_a2858979dd5645ef,0.0051386692328996572
ck_f1f2c3c623553f0d,0.00093134437250889273
ck_30f4b2ee8abe1342,0.11632612607662807
ck_6e8751b571ea54d1,0.012852365823578158
ck_e901dec0e09eccbb,0.0017329815785064703
ck_10495d3a635b8d69,0.03066993842216165
ck_4f5d7985bcc2eda4,0.0021795751349927709
ck_7df526b2b4410bb4,0.023221705639356681
ck_4e1757d1347ab387,0.99680086908278753
ck_79b8523137bb2603,0.057227888294168042
ck_891530b489ce402b,0.0035239645747858206
ck_41b954c7a948c060,0.0044468318613313015
ck_59a561f3df01441a,0.012164589952419742
ck_96e4d38ef670eaff,0.0093913233218650555
ck_eef67f8dea702338,0.072813945845097483
ck_73e24f5a8da289b3,0.032325719216353604
ck_52cc2fd5095b169d,0.012865734709761701
ck_dbb498b1a346a402,0.0014147566446448575
ck_f253130dc3ca5b3c,0.0064899800294412309
ck_942dbf632591b65d,0.019647151602617152
ck_ab4a8d02ec3c0fd7,0.0015110714369388229
ck_7f780f465c29398e,0.0097422213103016096
ck_adf84b9df54c3d80,0.016922538233709039
ck_1b1df006b81d38ba,0.022772371491530732
ck_3be72c9c178fa00d,0.02317283365965965
ck_ee387f9da79e67ea,0.064672350176367105
ck_731869a0c39cb2fe,0.024117027700237353
ck_f2b0e7a47f442557,0.64511079577778307
ck_4bc42878fa180991,0.023206787233757846
ck_5f3609511443e5a8,0.0025438792708468031
ck_b354003302b272ca,0.0039419493254634732
ck_1c771a7c78f6622c,0.070540992098002089
ck_466dc6274fecd708,0.010180267863836284
ck_89c74feeaffa7d09,0.0038566896535406287
ck_1ccdc69d0bb712b4,0.050401566963908198
ck_b22e3337b8e3dbb2,0.0024706461534028034
ck_79c7f0d29b1db1cd,0.014040851012563617
ck_84df6770549e43fa,0.0055022751390256175
ck_3c6417a233c68c73,0.019247233130237164
ck_f7485cba392bc294,0.093985523021948417
ck_46bfb2cfc29a6d2e,0.016622858372534542
ck_e4cf189a8d31649a,0.0087831783295271582
ck_770475876d0e7e6a,0.0067557637197186403
ck_c2b61a98d1c8f6dd,0.581234883209096
ck_8ae64df60ab6ccda,0.030726774096753211
ck_507e40760a24d2d5,0.01305364036637368
ck_a1e77090b1c6ccf4,0.039442671336054558
ck_09aadb4c41b166f1,0.065096351898634219
ck_604c17cb97dc89be,0.035001563966651356
ck_8d94fbb4828ef326,0.0020611792036019415
ck_17c0a6a92b5765cf,0.0053510610852535601
ck_ac79c72a8fe3fdef,0.067673078653222335
ck_b8cc2df5192bc49b,0.017300969438856329
ck_3132857aec8485bc,0.0016479216082380336
ck_b6cb8d6ae828eed1,0.012603942308431742
ck_2f82ea66c4f53b33,0.071659945435818148
ck_1de43fd6c6c22a5f,0.077499066612684325
ck_0348cc6908f7f3af,0.0034536487183493923
ck_6e676daa4855b58f,0.025610767855510128
ck_2a37fef48b44e9c8,0.0095480334130838077
ck_bfc2a57d8fd1610c,0.81469192226026488
ck_c1c7d4e62c9fcded,0.079834758323072089
ck_36e72ef9273e7a95,0.017303393238215239
ck_ebd178b3f3a9c50c,0.005469293126579497
ck_c89b9ca398402f1e,0.0033928425742239202
ck_bba413492dc46f2a,0.010437020211185782
ck_e971faae8a10a260,0.0027670630858369779
ck_7e6569a1b2455cb0,0.00064568630089006712
ck_744ffc11d32b96bc,0.026444851036190958
ck_435cb24538c6f77c,0.032441417739908357
ck_411219470d0a195c,0.0486279298769881
ck_6f730b77dc6cdb84,0.0064532714968555767
ck_aa4ba931dd37481d,0.0090346230787579605
ck_aa59702537557ff1,0.019333478689557072
ck_c58d9151834f5bad,0.0072408893835734858
ck_3a0e0200cbb185cb,0.0046048453142562094
ck_c98b16f9a72a6568,0.0028778709787626016
ck_e5cdbfcca2456652,0.001686291604763608
ck_ff45764ea7d6619f,0.021233092062182581
ck_6ec39903f765956d,0.012625926987351812
ck_9e17699baa83d173,0.0033551230349180439
ck_1fc98436281ee39e,0.0023393859990806943
ck_76ebeb5aee42f041,0.024122335531831005
ck_562320295fa35875,0.0042287578000489564
ck_84c402b23766e1f2,0.010212100095738252
ck_8d0532d24f1070d1,0.0022489809285484814
ck_32a495128395fde5,0.0027478880499049651
ck_f067470743d3c7a2,0.020946568080155548
ck_28dde633692904b0,0.093294383464934461
ck_e61c8721e3ef1921,0.0074281808769074507
ck_4e333c09f0c37dee,0.038810020931527064
ck_3d58628d1c853c8a,0.012835647335953219
ck_3265442528d51728,0.009927032072134797
ck_cb1c00c300af3f9e,0.0068941025476370425
ck_7ae86b5a885affc3,0.073803376534332887
ck_a50370907e6b397c,0.093062949748109122
ck_df87d6f61a63eb21,0.032630416215917904
ck_85bf21aa1a00452f,0.017095746789208215
ck_b9f1465d803e57b2,0.053220271833526497
ck_91c2a5fe69b9b1d1,0.0057176093693419999
ck_f3199fbe84a28b9a,0.12053418300189822
ck_ec3eb6dd0967cac5,0.028025940807043764
ck_5124a2e415384945,0.018753886366414559
ck_073509af21dd7f5f,0.78620986883838229
ck_617b65141f546a1c,0.0028738852419675932
ck_fa4b60387d744fc5,0.0015055712249438286
ck_98068c397d70dd3a,0.0089853807324600868
ck_aed2681e1646a0df,0.045962701095699873
ck_e98429675b46272b,0.0032002816291668225
ck_b25657bd16739036,0.0057358102015231229
ck_75217ee144b715f8,0.022718704263513675
ck_b359192aa659bdce,0.023514066869185363
ck_82181b935360dcbc,0.94124407957563516
ck_52c0ef68aa2fb8cf,0.011371436984601028
ck_06f042e9b1b662fd,0.0097303239549898814
ck_c0b5cc3e8ad2ff44,0.029980666878766063
ck_368b968b5f33431e,0.0039011566524397266
ck_6e44024e9de301c6,0.0011641009349031212
ck_f5e02a3432571b20,0.040111726113459367
ck_bed0c020b10afa3b,0.018140369540908013
ck_7e63168dda612235,0.0048003678001444974
ck_4c25570eb72711b8,0.0048582637296169197
ck_58955542edee1adc,0.0049145910491131444
ck_06d0e4a9189302a9,0.047042729261820765
ck_f1b80b821a20186d,0.058626445090974783
ck_b5c93e6d34f8d366,0.0033221175385810212
ck_69587a134d43a4ad,0.080014361372292717
ck_70a932ab39d86a24,0.0045517964276908032
ck_96100d5e8e051e91,0.0029290497259447119
ck_b26e4ae47c9107ed,0.74336259488210632
ck_492e4b89c61b7b6c,0.0052823365068399011
ck_36d78ff3bc033ee5,0.030189590460371722
ck_9c9884b9bcaa552e,0.74193226715521088
ck_cfb11a0a2325bff5,0.0088337573529083651
ck_598e036a28262aeb,0.036447757001396325
ck_8176616132458c0f,0.035839240835718794
ck_4becdd3d2696c7ba,0.019515911991685266
ck_7333cedb61506ead,0.0061189503156985209
ck_a69ca7b9d70972bb,0.0049107156146667415
ck_e032068be7b77d15,0.050258168683826168
ck_02ec4e06709e6b82,0.0033531743808411958
ck_13cd943777651aac,0.031083271342479436
ck_29640fc2fe81c251,0.17071684076311847
ck_00d1ebc31ec4653c,0.0095796152646018783
ck_7c872c99481c1e9e,0.030028909974227122
ck_b1dba768dbe7affe,0.048077321234629398
ck_7c3a6a82f3c3241d,0.017714714587332311
ck_c924f36bc1bbbaa3,0.031148898659562656
ck_0a2b7078736b4dda,0.0073145406419060192
ck_5b5dea6476d4e182,0.036599164906272914
ck_f271e855925e8d6b,0.066758342805410167
ck_97a8dac48dd62488,0.10891945114708659
ck_63133a79f23e2627,0.03063502873889682
ck_9b5ec0f78e160e65,0.0042299661151424814
ck_7264486eb512d84a,0.0026497871731583126
ck_a50621b5eeca84b4,0.0017949353478751108
ck_901d820e0b72abae,0.0041708393565110385
ck_9d1a5cf5a3b87e48,0.027569266575039775
ck_e291cc60920456d0,0.29760381066143471
ck_755010362a9b1bc4,0.018301312788150038
ck_8285bd3c90af94f6,0.013994951102592641
ck_a60388296a47062c,0.046829394907346729
ck_d3d5b2717cfc3913,0.016917266584892596
ck_18d214b1418be39d,0.0019985659518530876
ck_6d64e1c07b19856e,0.00074224922671080958
ck_0a993bc947bab61f,0.05589511574402882
ck_7501ebbf4e21f160,0.086163822226232034
ck_cba4162ef29a6d27,0.021092008888998412
ck_26bd0f8898afc8ba,0.001414129506281587
ck_0a0cd7f4be606a93,0.040932465375860011
ck_f2c7a4c50e2ede96,0.018777837871627769
ck_50d0bb7edd8c69c0,0.048800020751145173
ck_5791f8f76a629a4f,0.050502999443040673
ck_0bf35dcf7b38f650,0.0043661154523212632
ck_646dc03de4c31803,0.87810246478344811
ck_d4007b5b26d9d854,0.001975084036977554
ck_943f66f28dd24750,0.0079068209481788984
ck_984dd7452aee372d,0.032491346420298245
ck_ecaa6de0aca5e9a0,0.028236388134188495
ck_2225b555aa2a42ed,0.23815755056412871
ck_f11f7691af16ad07,0.0014765976159970572
ck_57849e15b61c43b4,0.0016830169805064877
ck_e6b95ff91116a592,0.0066682630223865932
ck_184983177b73dea5,0.020727166731431101
ck_3bd12d468fdc2450,0.012642832305898482
ck_08c7bb0f9851cb76,0.037930276222764861
ck_779581adb573261f,0.0035059067625724883
ck_02d4cef6358ad3b7,0.0042080006788113491
ck_a60a61ac829252a0,0.0083026311314960168
ck_942b95988a6245a6,0.085678018808081152
ck_6ea70950c1cae00b,0.87516830632114495
ck_f823407ace7ff064,0.036123514647702006
ck_7c418947124dee8f,0.046429528623357585
ck_bb0713a2a1d65982,0.01496380845340348
ck_a85182ad90b6f1e1,0.00072108850868853958
ck_e267999226b6321b,0.0012878246694524929
ck_4ba8bec14c2217e1,0.010797926890063297
ck_174be2231c5fd2b6,0.0017278286597792757
ck_610815786d729d2f,0.014243817605985004
ck_e9b75ed7567a3f23,0.067056066635198669
ck_7c5529bcc079600b,0.012783486005269139
ck_5d16e257c0635f7e,0.24647434473939711
ck_c830f3830875b47a,0.02535912028623398
ck_2caf553b31831a50,0.0058034514834873641
ck_90696b7182dd9129,0.03574912532998769
ck_38e4a74ab256e2eb,0.035740361769422274
ck_cdcf6671b37c9c92,0.0038235347246242555
ck_f0c18cb9f951a71e,0.0090842416286516063
ck_d61d97b21002f3e9,0.048236461155545467
ck_cd09375e6c81d2c4,0.011870981641599759
ck_a79a27767a02e31f,0.058323522392551723
ck_0943e0f305078e34,0.99462707707127873
ck_fe3b67041dad2dd1,0.0020332926462882654
ck_3420f2fd520890f3,0.0038621517219754428
ck_3e91dcc209431984,0.042489702006068934
ck_e4d6dedd97233c07,0.033093404458220815
ck_19db0bf788697c2b,0.010717927691691383
ck_4221e07b17388fd3,0.027472530180952671
ck_5e8e857b63966609,0.65709985104259871
ck_c8806749e263f70b,0.0011750085548163309
ck_233a487d31c3e631,0.99150574112251311
ck_e2a2ce9b8cf44c63,0.015477888579828883
ck_e6c8611c0cf233d7,0.0032008180785681071
ck_4fecb87eaffd5cb5,0.056580987782287609
ck_f91d48c40337d375,0.0037584200310918064
ck_79c30169c71b8033,0.911689843279058
ck_b0ed11080076e381,0.0099065418969230112
ck_bd2545c62f258231,0.034090024348918266
ck_d69de468b44143ca,0.014237957932631364
ck_55fc62a5f89a7251,0.039616560934571096
ck_c16ab1e4dafb4910,0.07790043216606958
ck_069d158665a53909,0.021951530172767915
ck_ee4ff3aeadf912c1,0.0015915015303574506
ck_ecb1e15f0b185ceb,0.042289074089411405
ck_e76db7d2562f9836,0.050988688540838344
ck_d1d079913aa158bf,0.0019389187067944454
ck_2cb763a881aee27f,0.0032092150202962196
ck_19becd44f2c3d2b5,0.05671033156085506
ck_5e20953547ba4135,0.070273319231530074
ck_f04761b4a937ac3b,0.017793963839302564
ck_7d0fe77dd5ddb656,0.094945744187968917
ck_78f01d78ea79642f,0.02547271732149281
ck_ad54292a0b2f44ef,0.0079933212257299394
ck_66bed631354de5b7,0.0045956855617887375
ck_417090dbffb1a63c,0.017724612746658118
ck_d0935b571a4a3868,0.015448389362033875
ck_dd0e17605f970319,0.073256849961219811
ck_2dc31db181150e20,0.019247396100984214
ck_b568ba3837afb39a,0.001560272889298227
ck_8de69cd219d3b87f,0.93158092179450946
ck_3d4913a86f207fee,0.04558075174536895
ck_ee949c71f4f702eb,0.9788192786826978
ck_01645ea51972e99a,0.041032286596546605
ck_a60c618b7f0e4252,0.0065748154136488265
ck_3837ad850996ba60,0.010401261825417011
ck_a524071c51ddde20,0.016253949401100372
ck_0af57ebaa45877a1,0.0055968885303726472
ck_a7cf6c3b322f6b7a,0.0077650502059325079
ck_ce0ec41f96951048,0.0094833891174168801
ck_5c3a671883d58b3f,0.0015748774155681384
ck_7905fe8e257b0449,0.35792309939371536
ck_da6d1e5cf6aba6fd,0.016256456915725928
ck_6b67fe8e310ab865,0.011759025684252824
ck_cbaf8a954281d4e3,0.94842340341325571
ck_ed26d906883bea0a,0.00321317513656231
ck_b621b6ffcc7f4848,0.0013246029587195176
ck_ef6f8e048ae1bd4b,0.0035717843683854113
ck_2a09d142de1c77ff,0.014919509938465594
ck_c340644176ca03e7,0.014063704218725159
ck_bea2cf7a6b7bb900,0.0045612610194670014
ck_1f136a4476b5e775,0.010392755359570207
ck_3759939a0205306d,0.01307474597567479
ck_ee13c091bc379188,0.049258722181079892
ck_d58e058b5c553dd5,0.0092227708842814188
ck_396e9ea9a6c6d7d9,0.028715068756157834
ck_402db4184982fdf5,0.019126276527885663
ck_a037aff5f8128c73,0.0062877455145908812
ck_8f6cce9f69912983,0.025018506474637256
ck_8758fc6622bbb7df,0.014463867987823172
ck_6ca018259f70858f,0.011635195765102474
ck_63379e3c9fe6f711,0.042750508805209267
ck_5aadd286d188f5c3,0.012885516931097579
ck_e69d27e8965df0be,0.0013165520006862409
ck_c67f7944896a0310,0.087005225943403375
ck_565e3418d2f4061c,0.015466557724167761
ck_58eb871e8d7bed52,0.049856255782907796
ck_d5f5b0dc97b9dc27,0.015460726876310518
ck_87abe9cd066a20fb,0.018376031468468189
ck_ff7e31ff8ba731e5,0.024571172409371449
ck_f73273e220296be8,0.018787194346875646
ck_73f4eb09af29b1c0,0.096470083932372289
ck_49dd816b31fba6b6,0.14020042906190799
ck_bdd2da300b530c5a,0.014612271631265253
ck_8a4952de8a123ef8,0.004293386904762342
ck_49170c4b31a20f5c,0.0010144728607931633
ck_2b7cadbc8b180d32,0.91165789081770865
ck_eb1006e7285184a6,0.03743281840445685
ck_646d8d0834782d6a,0.18596811936043345
ck_1b823610371a29c0,0.011276303195418141
ck_8dde670a735d1e90,0.038312976536083461
ck_37899b1b571b1c6b,0.02384634845428903
ck_82a8bdd2692c2a5e,0.00080563425986066831
ck_5c67f27816ae0b6f,0.035233227396400335
ck_fb6e06ca88519dcd,0.0055056058556323707
ck_f2c33d5b65b321db,0.012772432191465104
ck_ca1f6f01868e978f,0.034894951700825384
ck_22bfb9246646eb41,0.85453090745144933
ck_7cd9f39c50748ed0,0.016052473375494172
ck_62fd7eb46bee9210,0.0099023448018079191
ck_c3c19d6a0720915c,0.002426392304064412
ck_7cd0634a6e60af83,0.010704907044827988
ck_2733fc6ba23ae46e,0.022579988091090797
ck_82f3f744209888ac,0.02150867579587061
ck_66eb09be007f0755,0.021244833794661931
ck_7f8e816ca51755e3,0.97027105177299788
ck_4185506d12cf9fa0,0.00069617734059315814
ck_2659d1d3762a2825,0.0056519733285474594
ck_df4424f6dd85080d,0.037873216494899477
ck_5e9e149a3b69c726,0.043120893120957869
ck_8288f7f226e08b89,0.012567956115805703
ck_a7285955e2852686,0.042677506608778726
ck_d099fca88691f66f,0.078993998350895905
ck_166bd1dcbaf4d6fa,0.0038390530552451993
ck_fa5830d81bc8ddc1,0.0063737603416673012
ck_18e2076397bcc211,0.014536353162059165
ck_f7285b92648c1c81,0.0026351341729430934
ck_ff42557857ae3aeb,0.0024385281049001508
ck_7956c251b85f009e,0.82404466225775597
ck_c2d3ecd7278eba2c,0.0051751624779428551
ck_fa00aa0f3e859904,0.059512539184024701
ck_0063d2a9507467e5,0.0071565952097111633
ck_26e9a7bb2061a58e,0.10806958131183261
ck_d7607a213b800bfb,0.057782506653189555
ck_266ce7ccf41ccc50,0.0086445534310276503
ck_8e16a64a776afa82,0.46619045081968136
ck_f7fc1bd0b9ab1fa4,0.015192555639382491
ck_a4fa8833995c716a,0.012267890840201728
ck_ab640420858ab5c4,0.06420688353219331
ck_5923f53b77193a58,0.017315424398169334
ck_d1bbfd246c0ac9d5,0.011391153867058083
ck_e007aedbf37d6ec7,0.0040738614254547077
ck_9645e7adc08631b5,0.028124503422510556
ck_57bbb19eecb4b87c,0.0052146353076069516
ck_96953b8945b7d403,0.025882270076031069
ck_1078b1e155b5b640,0.014648038975795809
ck_ee53ce862bc9c111,0.011672435158217389
ck_ba6e1115fceaa067,0.01254345852740551
ck_78181f8e998e442f,0.0020968009717299619
ck_016e8c8eaf9d511b,0.045419528603970867
ck_e2aa7be60794593d,0.098759860265699051
ck_ae8e5dc4b725bc25,0.022437407259394311
ck_fc7935f784a4f249,0.001956666152544756
ck_05d44eb1f5f085ce,0.031134915767064671
ck_49886ff1e2c759d6,0.035095424631335588
ck_d87ab3261322216a,0.00091642302907349598
ck_0ac9848bd4ba0c14,0.0013630677146564644
ck_d115ac6b9fd62a7e,0.005162017661462623
ck_bdcf049c1e7d0c95,0.0044728368574491351
ck_7743c9fe037d1f9e,0.028669344839783964
ck_37143d9cc296e6fa,0.0031098773982656284
ck_2f138fce1171e277,0.019083145415722317
ck_61fa051192f3e810,0.031879796630311041
ck_417a3500b2c717b3,0.042655869490280711
ck_9473ea4a01c95f9a,0.12482714522146091
ck_de5eaa2cdbcb67ff,0.061997190577658831
ck_986e4e61440506d0,0.74678897513539011
ck_d3877e1f907cc148,0.055365282166752877
ck_2468a7e9e68a0927,0.0070845208526755347
ck_c3ff6790cc6d7e34,0.0098478579844147769
ck_bd85f30c36f5998d,0.35637987200036542
ck_90bf017cdd37b66e,0.02952085597706966
ck_448456f96788713b,0.021119188710080485
ck_455672e652fe1abc,0.91700210856543796
ck_142dba210ed2f3b5,0.19889988065767916
ck_895bb39d24bc1c4c,0.0031001092698748223
ck_21ed2ea6386c5a07,0.0026588149112798105
ck_61c74163eb36556e,0.057950635612479415
ck_7e2ae8b69ebd5675,0.005720835581069725
ck_9b71274ff83de482,0.77063661860413712
ck_748af92828c9d288,0.0042769887331714825
ck_6276ece8f80ea799,0.025473048112242755
ck_f4a6a7cadd6e0603,0.54813373994884684
ck_33ad8d53394ba77a,0.36127389026230361
ck_f65e5ff7da565f91,0.0091788873023517254
ck_49969a9abc47cb69,0.0081152158656742461
ck_f1e0a006068aff29,0.015978653393398046
ck_72b86e4485da2d0f,0.98293192934178752
ck_0789ff4562202b20,0.021011556884186357
ck_bff090cb4ab76b9f,0.0093059711811649161
ck_15de11438732bb05,0.0089737704349190008
ck_9c9287cb28950eb6,0.017254532597580221
ck_d11d27de7bf0b973,0.21814599537181667
ck_7f08078908599bd2,0.071809458472731263
ck_c1d1a625b885a975,0.0078231611051199426
ck_2987eab34ca7805d,0.0089206507955322083
ck_c2ed04a9d218410b,0.0030908809188039859
ck_73d3e8c6077f61e6,0.048995876023060242
ck_9a15fdefc47e8d11,0.0075096973375353088
ck_f738b633b8862d18,0.0014659822724463006
ck_56eed7041add49a1,0.169719153281153
ck_3fe86b6331ff95e3,0.16805459455482333
ck_34a69b3b4a681796,0.11313959126338871
ck_97d04a67a104af39,0.024112771214017038
ck_833a65b86a5d9bda,0.0027012815286904727
ck_34dfb57e5bf31d2f,0.02864334686456254
ck_ba7e347251ea399b,0.0099197242638103429
ck_31d4c0518e5f52c6,0.0036190863300697212
ck_6f04d047d1dde75e,0.00065605753514158961
ck_82b5b79ce3517102,0.91534034832028066
ck_80dfa54b30f65fff,0.8753366515892691
ck_3d7b1078e2d57c69,0.025324550346741637
ck_dae09c4e074af5dd,0.011479616011723587
ck_4ceb43ccd0a81c2f,0.013607375614700372
ck_0cff8153881875ba,0.018314692191215291
ck_439cf7d51ec7de0f,0.0040984801866561175
ck_165a868bdef28ad3,0.013648410601330742
ck_3174419a81e7caf2,0.014410293413341518
ck_0c3dd22587b08018,0.0066371818754219353
ck_88774ae52e30e877,0.015769864717134659
ck_c24f61925dc158d5,0.049962744536220793
ck_c543d82e22b3c8a5,0.001930894718801601
ck_c78c096ca8cb33ac,0.0012526199202821777
ck_385188ab27784fe3,0.068954680413149783
ck_9947a323bab5cacd,0.086421764884776139
ck_86d7127391d4e01f,0.0024957858035799755
ck_a1484e6215fac651,0.13934945822549494
ck_d4fd0e438c97e0c7,0.057419119791615604
ck_ac7fe1c344190c50,0.016028705092315652
ck_e7a6b925c8f39a85,0.0082767086100554825
ck_38ee42f15a573e81,0.037710960764445203
ck_01fbafc42c8e33f5,0.01297360892159951
ck_d3137f0f7629040b,0.029884534456655849
ck_73a7794b659d7a34,0.0093442283970939198
ck_c86520a00e50a926,0.029023806851871409
ck_7f6fa79c7a107161,0.0059880129338361794
ck_643abfbd7548d0c9,0.056195052207723889
ck_1b0434f096795328,0.0039965954153939904
ck_e527fbb9450a4581,0.87743087968317846
ck_35bee1fc12664644,0.1199543054909295
ck_9e21ea33018ce538,0.017132000778519025
ck_0b34197335ba3341,0.007065951304929193
ck_a432b1bf1d3b3d5e,0.21592867913820493
ck_35c93b2924900376,0.014957210742867138
ck_6430a8792f400e0a,0.005874857410405979
ck_7ef666d67bc70223,0.014190930985088302
ck_a3acf4b986afa98b,0.12093889882814425
ck_5d1e25d7acc5af9a,0.0052335012784773694
ck_d3885e286b3b11d2,0.015328797532107263
ck_e7f61b4a39ba98ac,0.00083587933937512065
ck_c9690baddfc4177e,0.0016964061776390898
ck_59fae092fb0c4aa3,0.01796171310561169
ck_11960b5f1c7a5e2c,0.00391418248132491
ck_4b9dd69946438d0b,0.0084815844167764175
ck_a2cc3910a641a808,0.58497776673236968
ck_018f780215ecaf38,0.0115815738122136
ck_baba5d66def0d770,0.057395901639962991
ck_cb1bd7635968ed8c,0.094838973057478931
ck_5a17c89219d1d9fe,0.011081983618740784
ck_3efb0e9bf25612c7,0.0047249618227633329
ck_66f94903177f20eb,0.0064604522799322963
ck_295565fbf77ef885,0.0040617087522195876
ck_0fb3153d37626b75,0.0030762650363641022
ck_25fc3010e8a0f6d7,0.0026411037410800408
ck_879cc3166fe1bada,0.0052628146889029019
ck_a5e036327d3d1862,0.0020232949334279813
ck_1694c28f44480e98,0.01203182055345724
ck_c6cb651149dc9a8a,0.0023705867501313035
ck_c5b583490198672d,0.0037760233936121441
ck_1b96d9af0d7da2d5,0.0058410937214375177
ck_0a8029e79a5ae7ce,0.027272712024755168
ck_c77e22834ef97005,0.60991327678918128
ck_d8ddf5e99f7859e4,0.014120965033003769
ck_91742711dfdffd56,0.014317561191641171
ck_95b894380ad2702a,0.015197976540407339
ck_277621473369614f,0.99579516391034217
ck_5cb9d7b2329d5ab6,0.0093164202349024349
ck_67025c64588abd1e,0.0046717639460042912
ck_fef850553862aaca,0.0065126127384099522
ck_7929284327667791,0.16470309922617066
ck_319b059bb2145586,0.086054690131480677
ck_c190c7b924edba75,0.031675516598683999
ck_57b657aba4daffde,0.01300541315820445
ck_55d7217b0aff9fa2,0.0070068819334504658
ck_1dade5592f90a15c,0.024685923498004515
ck_8f346b72fb40bf14,0.014235825866342183
ck_cfadd21458230ef7,0.0080213587573494984
ck_793048d11fb8b328,0.12384526937928643
ck_70b9b79ea1aacba8,0.051085163190792801
ck_c54c5d8e4433b0f2,0.0033435835257243566
ck_50422466f145bfd7,0.0061410520634674927
ck_a3564236069e3524,0.025349749701831806
ck_ef059997563e3330,0.012617338374384127
ck_e14892e424180549,0.0062926464013528562
ck_9f5f81d771146aa1,0.0012736828104003917
ck_3a469039a5b9d963,0.0050928622481848408
ck_63601a58a6120d8a,0.029138239552187993
ck_9323e6fc1e168eda,0.8992342653793286
ck_bed8a480e27e911e,0.023296742713735257
ck_ddd6625c5eddad70,0.0022873394797258383
ck_5d22e9ca1d15180b,0.71643950618523844
ck_cf36d8b070ded782,0.014013652406457702
ck_fd5609bd23a1eaf8,0.0052547762381613631
ck_1982d571cd36eb0c,0.015074882539430541
ck_c021495606b4735e,0.004945517746389164
ck_1fc03ba33edd9e67,0.021709289496161296
ck_67e075c982add719,0.0058862679559407915
ck_9040edd974ef8e3f,0.67865750280866588
ck_c3fe0c6c5e1f40f6,0.0043762011466486738
ck_767947540b234add,0.034836545650086044
ck_e8298ff2dc1e9d50,0.0033593773125109912
ck_becb6e1c608e0078,0.0028874381660310717
ck_3ce7cad1f69b71d6,0.025568498269091314
ck_ed0e776c0926ce67,0.028218773395857912
ck_14f0484b3817eda5,0.010241770438274928
ck_e2a1068c2fa22525,0.02270736628358069
ck_eb224c0fd146253f,0.029606504906856533
ck_f92e04024bf13558,0.002928068916146628
ck_a9161cf1ca22a6bf,0.011518204591215629
ck_1a46b56f4734d52e,0.0031630671610177823
ck_cd655202db489010,0.004729554960909944
ck_a980b296c95153f9,0.0091933125212745066
ck_beaacb4a783db21f,0.003566763710130233
ck_03009b721568ee98,0.027747414620595406
ck_37ad3a65db673e70,0.001901974306461207
ck_071ddaaf2e4e3671,0.010820506065134159
ck_019d5891103e7da3,0.0072874337393923055
ck_1a065ea906ae3d6a,0.016385756260343338
ck_6f2f0396e5b1c538,0.98904634206250885
ck_055fb9f2e1c8c934,0.041242176139715668
ck_6fd8c86ac719d7eb,0.027251979159311691
ck_920bb003b42e6310,0.012398550767709213
ck_8beae3d7328fa41a,0.024674509854565964
ck_910205d25388a0ae,0.0019316341510218714
ck_007337aa99a4891e,0.0029042617170257435
ck_5df6529ce8290906,0.0048860027053720476
ck_35f8656bf93e3b3d,0.0041660760710314094
ck_0a2f8b2f8a5b6f02,0.0086570242272988682
ck_fab4f2f8531b4827,0.053601884530358558
ck_7c4e588f927c27c8,0.022366884274914164
ck_7cdec61e1c488798,0.16822296401815731
ck_19468fe07e26f992,0.96484365962606167
ck_d021fd497ea35fb2,0.014368867258385997
ck_1b52590757c0fbeb,0.019889469355572374
ck_074be35c951ae10a,0.0091910578795868468
ck_38e46bc861e0165b,0.046674698570945965
ck_201687857ec8b3cc,0.015096982381931542
ck_bebea2cf3063fb24,0.012067025988016377
ck_dfadff70a58a9133,0.0021816087826169693
ck_d0c9633fed57c344,0.10711085941004399
ck_3303fd3f64632c7c,0.053722237668268169
ck_9d4fed252718f58a,0.027850011891906348
ck_65ad9b15979e3247,0.018743081747590633
ck_93892e91387f5103,0.023596773104069463
ck_6f81c199e986d9fc,0.0061213267320723921
ck_bbe1a2ea5a403ad8,0.53144243131522684
ck_a89b66665714058f,0.015882685872281737
ck_0e9b982afc88a3a9,0.95294620871484303
ck_f14dce41036486a3,0.99091617489743955
ck_5d7ae0e3562e99bf,0.019600346252207926
ck_d263b55f0a681cce,0.024944969180771305
ck_a443d49c2b4863b0,0.012995283912615608
ck_2baf214ad6bc0dbf,0.019981268531841179
ck_3ef7a03ebb81cfe3,0.0011797015328711916
ck_95790440bc4bd2d0,0.02383028707542879
ck_841f598bbd54c83f,0.026906029263980079
ck_a7bc323ffed2ea97,0.10016950260754648
ck_f5100511609b92c0,0.055900829894046315
ck_2a07c7021b71cf65,0.019905198490515183
ck_44b9125526acb05d,0.015185286191738399
ck_c2b4a1d8c0b6c1cd,0.0016312010464900029
ck_29c11bd68858e923,0.0022112680428159632
ck_ace3b96c977a7560,0.34172847297216902
ck_e3d4b6f681c783ab,0.020197523501313132
ck_918c92182b6817cd,0.12213402265170868
ck_d66952b03591bdec,0.016782470711440359
ck_7a58e0cc9943c39a,0.011720847157968327
ck_cdd2ebeec75bfa69,0.28870066506796133
ck_38703b7546d35a80,0.010993870361101506
ck_b60fb9a10d6f4489,0.014050204434140965
ck_bdf837d761a7cec2,0.3528299487470592
ck_4760216154c8cac2,0.29780842908428534
ck_b694c803b62862b3,0.0040432564323447107
ck_d7877684c7923ec3,0.0065596558407073173
ck_7384d4d2406aabf4,0.013103929398208227
ck_0c2932cc0d553694,0.015130871746844611
ck_bb41a66e3d90263b,0.12810898130447404
ck_5245cbc5ff4d4fa6,0.0053226183604025588
ck_4df2fb8e4b649e27,0.0035731817209593971
ck_bc6f07b06aaa4ce3,0.2985794209996086
ck_25a1ea40b2d59254,0.0016740994491706875
ck_af65eb885a51048d,0.0021567739376770869
ck_7a3f2961e9a8b6dc,0.0038171988724878085
ck_a9f700eee5d638df,0.002972862737021781
ck_5e18870d8e30e379,0.054267992170300712
ck_e9047964952bee70,0.026987105827610977
ck_49c3bf13dc9471ce,0.0071328449050301465
ck_4f63d5245b3ac1dd,0.023624236169719551
ck_291bffc7809f896a,0.0029797510523701075
ck_9b5e7fe28208f5d1,0.0048733968713680909
ck_8f21f2690c32c691,0.068860298159731645
ck_729cc0b46cc2e546,0.11891325077538144
ck_ee4d9a7449515908,0.0082891951388204127
ck_2c629c657f73941f,0.068049351284919707
ck_e4df7faacdfe8c40,0.020595297763234578
ck_ddc865af1dd5670e,0.012470280085218912
ck_e52cbcd9aafd26b2,0.0058398252465581297
ck_0ac9114076f5bf3d,0.013277052956471729
ck_7661d7ceaeb19f97,0.038703785523689978
ck_028c41b195280980,0.0046646399869502541
ck_dcc125b178b79566,0.0023538403358883556
ck_1f517e0ebf397b51,0.0061970166136066391
ck_2c80a592fb4cd6a3,0.0045692999303381734
ck_391639c0f13932f3,0.0028180102077671569
ck_c36ed9f8e6792ea4,0.030848971681335581
ck_3689fa41748a6f6b,0.038928443738133409
ck_555848d51f4b5f35,0.018195481844966194
ck_27e4de495abb4d15,0.0030973861458243935
ck_054ed4288ee58d6e,0.014330061114406895
ck_1422a7bf7756294d,0.97724408597621448
ck_27acc9f320cda104,0.055406180773534222
ck_9c4886c5c90ddbdc,0.0024351162934192015
ck_5efbea1befdefe1b,0.1526928641780573
ck_2f9fa0d61829f815,0.018392291962899369
ck_798ba4b8aa544fea,0.0030500744484939588
ck_54e581f71be5430d,0.0029662346043404174
ck_5b82c774df10d49b,0.0033923187472331123
ck_01d840cffb870615,0.51265013158888284
ck_3a8ce1cc724229b8,0.0019247808845384434
ck_8f43459991ea511f,0.0055779425340741883
ck_f878b68d66fbfd4b,0.0025705875290533359
ck_e84abfc0c747c9dd,0.78646079572715544
ck_083e4ac78685c3bb,0.0054484075471610827
ck_fd242b18575e3063,0.0079266693713288087
ck_b150fe4efb449b05,0.00079526802277800194
ck_5e84bca0e362da20,0.011709289653378861
ck_95188150ff059c70,0.0091549391609918561
ck_c20638a325ead2e4,0.0078473937299994301
ck_dfd3dbd0d97a642b,0.019057632362746761
ck_5fdf8a0bdbd3ed62,0.013718620348492142
ck_d6df562a79b9d0d9,0.013969641218188271
ck_28c53b214b2ee882,0.1430800006351641
ck_aa2b4c662ff213b6,0.0092743398064044063
ck_5a6593d954085775,0.04562423131695359
ck_558cfe5f77a55a9d,0.0031929772544107204
ck_c7ae1d4b3ab38185,0.0035820452496333386
ck_0fd826fad7ec7cd6,0.028778225585127673
ck_ad6d48c20a3688a7,0.0023414546427854106
ck_123c15d93f1840f2,0.16226167331327301
ck_a75ece9a9044eed0,0.0034652095051513898
ck_403da2a2d800df9f,0.086619912634411711
ck_7fd8b1470401695f,0.26457212138853237
ck_cfb06f07394dfe64,0.0013929376449179937
ck_aa01d5aafde73d0a,0.0021920252750940918
ck_dcf851e7bb5855d0,0.003391166332144098
ck_2fa8f2577116e9ca,0.088231431394768592
ck_57deb202d4188a29,0.010970586791843623
ck_a95afc7a00303a26,0.0076768489405644735
ck_1f871df76c6a995b,0.10550330547607685
ck_1a6b30320835e57e,0.012318391104664263
ck_73c5371635aca173,0.7708057003213924
ck_1a9235812de4b2c1,0.024475171789694813
ck_ec26e327cc1848b2,0.015377775886997045
ck_0742fe64055d686f,0.0040429409200713256
ck_076cbc25c8f15fc3,0.9457322139386235
ck_ada46085a78280e4,0.0046911118488497374
ck_0aaaa9d2f75a0518,0.011897684067139003
ck_4ff6fc70bccfba96,0.16277656833795803
ck_a6fc92aa91e99b77,0.98688138805736858
ck_6031211ff118cf0f,0.0085862759287189325
ck_920a48ba8c583e96,0.0041007719793441375
ck_098167eaf124c279,0.070896192724939064
ck_91a0ca45f429568d,0.0063152942361528819
ck_e077d004cd1d80ae,0.0126177677634755
ck_20a7d1ce6cc27312,0.003709315276852229
ck_8d27ff8383d48132,0.0063097036044576661
ck_c47e32c47f0e6578,0.114881957589654
ck_9d7151dbdf100e0e,0.01393029926871692
ck_5dd80b3c01457bd8,0.011755945615982644
ck_8594f165e95316d2,0.0019782847756098796
ck_a58e900469dfc3f0,0.012808393651238802
ck_f5178a658225d8e4,0.0020994657026576716
ck_f5dde68f6f0468e1,0.0023062541655647678
ck_a8a2e296f9804bd7,0.017077152693434336
ck_463937167965a1f8,0.01367013713985929
ck_12a074db100481cf,0.099674514197978764
ck_88e3dd3039508332,0.020311623826531264
ck_9cdfaa1c30cc9d32,0.0010751397463105133
ck_4e0e80f5cc271bf7,0.00080034934195964127
ck_af69bfcf4f07d932,0.0063567423343970034
ck_5a4d19f1b83feeb8,0.019865131407785903
ck_eaec5f1a83b66eb0,0.061822228020133249
ck_2c4be237a7ed79c7,0.0022993932090265511
ck_e16528edc694fb33,0.93292753344360557
ck_3c177f5970b68bd3,0.018735813668082885
ck_ad7c256ea10c4a00,0.04149825943009209
ck_012519bb095ad36b,0.99383282794199068
ck_0ed2739384f1d644,0.013844356854264106
ck_48446a9e8184c7d4,0.0046987958894133368
ck_31e1ede23247d56b,0.031246085054421811
ck_40052cac10562cde,0.01564397859558591
ck_3267fe3aac05c71e,0.0093507515822750624
ck_c3db1b3ad4f16679,0.018868551119725557
ck_1b74b798eebeabdc,0.01648191985086931
ck_510e7c5df1f95d90,0.8936273587269612
ck_948517bad569b40f,0.041091788528495821
ck_b16a7c51b6f7a6b1,0.012762375864272394
ck_b53ea8713d32ca7c,0.027237091877482987
ck_11bf1039f8b3025b,0.0023605798506232895
ck_4b088920f3a844c1,0.024122335531831005
ck_c2015a1200971fe9,0.040469597539893314
ck_f5a32e6160b28379,0.0043045011839858167
ck_b0b5bf9254700402,0.0054862895909116305
ck_eeca179341d56f8a,0.33030859244624333
ck_d94dfde9e03c9d1a,0.023434974287706852
ck_938ce30c864bc7df,0.0039515478493687417
ck_66d38518f68e6194,0.0016099750238905731
ck_115d86fabde77b65,0.0023206787514650764
ck_9e109edd124492a5,0.008106206970128163
ck_f29471fe7c818d6a,0.010113124273586627
ck_a27bc31eecd9cb9a,0.02634446256434618
ck_ed4427962c68918c,0.97087485655055694
ck_7b55d9bb1a250d4f,0.06049453382665794
ck_461e3f7b97db8d16,0.013381894561462448
ck_2ee84f3fa27f2cb8,0.0082555131554467222
ck_bdee7c86f5ebe81f,0.0083742499728637048
ck_719602def4d35fe0,0.017987227590912442
ck_87c26b2f41025109,0.99280615456202825
ck_c7baebe4549fdbb4,0.040259843560097069
ck_6f847263379f2e43,0.043245457368185525
ck_95391029a21caa24,0.043575619070695432
ck_97402a153348e68f,0.0054631002623259815
ck_f1acf73363925958,0.084525992780531439
ck_041614694b77e599,0.0037148945940115902
ck_a7b57882ab66b111,0.0024471119847533384
ck_71a0d645744302a3,0.0042521563544309386
ck_bfc453eabb472f91,0.0082753728588459158
ck_c33a762d98f9b290,0.0013952943532864778
ck_9e75c6641939f4fc,0.011111434563514114
ck_d17653a4a2d4a79e,0.015418315902171013
ck_df20cc23b8fb8e22,0.014057819075332122
ck_62720b81617896cc,0.012240742946222242
ck_d6d2c1f6dfc455b6,0.27727823641744953
ck_a0b4209feb31f5c0,0.99720776424512891
ck_779cc0f2de4d5488,0.089986017040041721
ck_3152c7115257f084,0.010676474775170995
ck_a28d6b1601b472a6,0.013858943916409187
ck_761989aa4c47d746,0.011874226991048072
ck_97e3b04a1350f6e4,0.026974507919678328
ck_397d5fcc9972f909,0.024085951914048949
ck_bae8dae7cfd8baba,0.0031672250216256501
ck_04e32ee9834c088d,0.38263429090627654
ck_bba0ccc6cd968680,0.090893600745254571
ck_1b34c420a4c85a95,0.010429459682968295
ck_a1201284122c141f,0.025886941204053601
ck_5ac335f02280271e,0.019335409205653086
ck_dd882323474431d4,0.021326591960708234
ck_f9604adde929beff,0.0090063009908155408
ck_44211dc210139ed3,0.0056583487283908378
ck_e5e5dc431bed6f9d,0.024392747324003445
ck_17d3022ca12eacd7,0.007700508817514439
ck_209f574c8d92274e,0.011287725942021676
ck_9fcde1ff46cbbea5,0.0020488658884687621
ck_58fd684aa5a6f289,0.0022204026671624826
ck_e96a5e1f08f8a867,0.0026591321559480451
ck_90456160115f9ef4,0.015004791077438054
ck_70a60e095e9b706f,0.0032522248379603892
ck_2d46291975f0dd08,0.0023399286556595273
ck_f2734417c0db4ee3,0.0075300558934346352
ck_651e076ee43aea85,0.004197120081028835
ck_74d602c907ee9119,0.0029815936337353592
ck_4c99a6eadea143e2,0.085171643746258768
ck_8395f004cf4d4c08,0.016244607702455387
ck_3938e92585df2b34,0.030671774917973856
ck_bc32655ee5ed643e,0.019305658602948781
ck_ced9163ea85589ea,0.04041607643965843
ck_9111e3a04b14dfba,0.038092622273609836
ck_791be3378dd7d64c,0.012395441913903793
ck_7cb0c9ded4d63027,0.0096861453933890819
ck_0db62d5f7f75f80f,0.022547577231565287
ck_1723900ab9afe374,0.015330936650279254
ck_54459b45d2be8459,0.0054682039130861254
ck_a0543e9b3abe1001,0.059638406310013867
ck_08dba09fd7dab896,0.018061996825839276
ck_b9eaf03453ac7d5f,0.0062188871807796475
ck_298922703c5bbe05,0.06256864709946916
ck_e662b14b2bab23a2,0.03241393847783134
ck_4a691892d9d6cf89,0.0033836699796614142
ck_056d5f0301c30902,0.081219206987426074
ck_7cdce37d895eefb8,0.0073180442368702258
ck_c0b8067c144ed6c1,0.0097289443017730542
ck_856ea65fa27d06dd,0.049275682026621401
ck_55d0c7012d7ef236,0.018756344129534083
ck_9bedf54df9418e4a,0.0051559412172965261
ck_00f9ca84d1d8ae7a,0.0014935624470525798
ck_420d1a9c604293ce,0.012859898850544445
ck_9874ad160efddf50,0.0069043839826328692
ck_f4f6f0caaab70040,0.0028094210234622034
ck_a26704b5b26258b7,0.0062577622543927656
ck_edccb5a93b741744,0.0092916782075047367
ck_a5f7b6fed6df2aba,0.019063828162207908
ck_ced6b6dcdc7c201a,0.0053229925981806547
ck_77549c1a41f837c3,0.019647765205551719
ck_aa5f3ab48c17fed8,0.091540524196006112
ck_2a5a4c18c2c7274b,0.023594806906899659
ck_e05d44e46c7174e6,0.018610828427813482
ck_0084d8ab6b1044f3,0.0078521948287961947
ck_42633573639a3f02,0.98602275716468801
ck_0fc1086e1c9e04b6,0.01334129650323279
ck_0e6bebf8ae9b9b03,0.0094232724774419799
ck_f158d9e5f101bb35,0.0456327336818107
ck_e107537a4cb738f4,0.012115749974366119
ck_ce1b06623e4a815e,0.01121666169746584
ck_2f4f94827984c426,0.0024422592172688986
ck_e8ea56e122a5a487,0.038733063986574057
ck_2d7394afd61643d0,0.0048546532659863896
ck_8dacf3a2061ca17d,0.012888620929805798
ck_315fb710a0e371e7,0.00071545050006758854
ck_cdd7c77823c2257f,0.040239881152122972
ck_e9287b6d909d731f,0.0095925644002130255
ck_d12d2924d0f7a64a,0.0056432891284564444
ck_0dda35c0c64c7073,0.98459998445533214
ck_d1ed88ea4211ba4d,0.00064281831568111414
ck_2103399bdb2898a6,0.016520124284641426
ck_1a524b5cc8da71b3,0.043663070442971977
ck_58e5359efc52e0ad,0.0040019861038594869
ck_3caec7dd6f8d02c9,0.040248912938523999
ck_3eb73e56751c704d,0.022579643548104971
ck_37d47cf0f34574a2,0.0022048731877605792
ck_66d0c6d6b67a8d58,0.00224866200400179
ck_98149ed45d38c4d3,0.020435217924442358
ck_00480407160e0743,0.0070085616340102574
ck_d1ea4bcc407c7d5e,0.019312600052026681
ck_ac2f7397801036ef,0.025865785243247556
ck_799aaf9f2b9ef621,0.0050359165511810449
ck_93c4e05699b3b7d0,0.016481417465795251
ck_66accecabf3901c0,0.023409363393928372
ck_f0c4aac04076a6dc,0.0078851665612692974
ck_e3cb5f31d8e94448,0.9056472950063118
ck_e541967c681cb929,0.025189953530163428
ck_8aec3d3dd51517c2,0.010189229640910361
ck_23edb6d938a3b87b,0.0036584693121607106
ck_740e760fdcd27835,0.004152571946135295
ck_fc40a16adfced018,0.018073499843873461
ck_7f0cd6ea3096f985,0.0058657316448073376
ck_347386629d96c664,0.019896668128991536
ck_2366b29ed9887a5e,0.0018841683826583944
ck_187317383400491d,0.013967998894694269
ck_dcbab304b55a42c7,0.013629506530522782
ck_ddcac1ab765ff61a,0.024999897130033089
ck_f39cfeb277ef6528,0.0030949912503618528
ck_d69455220b21dc9b,0.0025799613082238652
ck_b4703ee97f94d7fb,0.001281626550885968
ck_0e0bab173622db9b,0.061607340981296707
ck_d6fe761ed0db3270,0.010924093549445199
ck_590716322ff147ae,0.015781795768285648
ck_494954023f0eb309,0.019670517358667157
ck_95e444a01e2ab4a5,0.023467479441940123
ck_0f909705e2e60f2f,0.0024984004771522617
ck_6d03a542922b2ae8,0.0047534508732722698
ck_b0ef193195a2138b,0.01325504079972489
ck_7b1660e942436e12,0.020828713642782066
ck_50ede3eb561a202c,0.0066883221111595564
ck_4c4a939154446053,0.0026173715374219922
ck_504a45ee08db72b6,0.0043571993421661678
ck_f143641bf3dd0414,0.06281589395760559
ck_b7bd3a7f263f4f29,0.04252171174139633
ck_bd23cf9bba1dd33f,0.032461379598043169
ck_e5f5cb7dd6ce4a37,0.027260337396383734
ck_1658429acd5306ba,0.0078823809507426734
ck_db1fa53d588bf99e,0.0063562482900766191
ck_edcfa9e1cf29d813,0.01071391315657386
ck_b7c37d410b1646c2,0.020584605054065615
ck_73cab88b29c7845d,0.014872731876505538
ck_f42a43e4c3f34ccd,0.0011601365740052914
ck_0d0a1a021efea5b6,0.01982400725171329
ck_f8f6a03613b6dda8,0.00440516509615728
ck_60557f077abc42ca,0.24220175461040677
ck_d75f25184ece2b51,0.0020956787907170271
ck_bb1a981306b750ac,0.046070689959790939
ck_7e561caa5fa1f3f1,0.067962423350192924
ck_e424148c6f2223df,0.0038796161250318224
ck_4937cfa6526ea138,0.01324627042189901
ck_a72d6df666e1c21c,0.01157373878133627
ck_245f5d62ead5ef28,0.058130235590582613
ck_059806c52cebe4f1,0.071515885844894905
ck_547090bf35a3b243,0.0051829607098690779
ck_19988702ccd79201,0.0062191690350539893
ck_90b4ac695b9c6bf7,0.001961133590348765
ck_66267bbad1f1415f,0.99759197561877633
ck_ff6a6d3547dd2d37,0.09328544385338243
ck_03129b41457795d2,0.010482697957861675
ck_a892252e4e0c2828,0.0068365139472475744
ck_b3905153b9eee924,0.016853896813801908
ck_e934f984bad2ff91,0.87237931540649827
ck_8d2afe17c0082e6a,0.0090166499342618847
ck_ea9edf9c107d429f,0.033582891855705156
ck_61fff5fdaadd394b,0.0076983309343236304
ck_3edaa94d28cd48ea,0.021205503343253017
ck_f66f06e24ff32671,0.012103498522801249
ck_7cf562578c7f158a,0.0045337013334067989
ck_66949171b387bb93,0.024012554957709327
ck_87d70f5fe48a6128,0.012436387423434773
ck_3ad3fd3cceb56b66,0.93523398092392762
ck_d229dfa0e4442628,0.0034600916499651696
ck_4732da7e0d2dfc7c,0.0042956559580703407
ck_2209de229b4c71c5,0.017685622200050932
ck_4ed711fe4053e74d,0.056192654568503253
ck_c78b2638fadd91ab,0.0090983928158497786
ck_8bb6b0a292754576,0.033325901146028278
ck_0b615ed566da1f58,0.021618302406985541
ck_d2b3ce1ebabe9f93,0.019570151443232861
ck_d3b2b250da61db19,0.92066321947917829
ck_4ffe0366df388604,0.0031338709769611487
ck_d2d4a8f4a9f2c33f,0.0065620637546317372
ck_b378b8d8100ee4b1,0.021429673052719478
ck_20a17e8f206a14c8,0.016145980165930454
ck_9ed53de6ef779ae0,0.0019141910501802063
ck_3f16e2cd7e6874cc,0.044956213813044966
ck_ef33c04f4c9e3758,0.012348752385964924
ck_8fd91a3c99e19097,0.05592313770227416
ck_0c6e7bd357e4a348,0.00081248336446067477
ck_95654593cdebd141,0.023706328865245933
ck_9822f8ed05335741,0.017930399356948543
ck_11c7667920541587,0.013074694856815193
ck_ec3715add8bbb6e9,0.0039511106764379394
ck_f09f9d0e0886e0c6,0.01926821432101538
ck_12107dacc6d05bd1,0.0012257823979654587
ck_23a016cf6b98d89c,0.024122335531831005
ck_0e719b3a6906b8f1,0.0020778663443239594
ck_7137eeb394d200f1,0.009190897324068175
ck_8026e017909aaa6c,0.0071013460254512372
ck_ce36b0c287bd198e,0.046520627467541591
ck_926b81c0ba528eee,0.0044202423409570278
ck_6b93bd8abf87b1d6,0.90700280971810132
ck_73762038c7ff2f6f,0.0030156548387626622
ck_abd10fbcbaf2b038,0.0040481435125834173
ck_7ebc5fa7f0d3b8f2,0.01767460649870943
ck_fe33eb743d714c03,0.02120554433409063
ck_17cc7b411f448e66,0.014538667254284491
ck_5debd55f361b2ddf,0.0043656728656418396
ck_350bf14e90b503f5,0.0079847437571971495
ck_469c17407d17b706,0.033965749733649762
ck_004de16f7d8a42ae,0.028868116416506565
ck_27fd85b1e38b675a,0.0020689093688304933
ck_05f79ddd8eefaa56,0.0071143969718001111
ck_3a57a13ce032a6fe,0.0022535806905893347
ck_c965fd6bec0f0ecd,0.0072947775805833562
ck_a721f0d635fad68a,0.0098239507923838544
ck_c29489366c01fe65,0.98727440447791193
ck_781b8288e54ba8f8,0.054611022083878955
ck_c9eb4df91ff07f2c,0.040422094894811869
ck_8a5a57858e8c77f3,0.013417536382666899
ck_76d010aa02eb477a,0.0017413992252816486
ck_7a50abd42298133b,0.0080257873643262909
ck_1d2b80ab6c4944b9,0.022798405957821902
ck_4e39e3b165edab58,0.72328432157182854
ck_e0ccfa0d689339be,0.010227763420793564
ck_89790ff26c844bc6,0.0054422484789779652
ck_94e8142728e44380,0.03646798644910107
ck_e3a22799716df39d,0.019667020560529998
ck_5217b55593a332ca,0.054405671569763427
ck_c1c9d3842d758420,0.063463697596026561
ck_dd34f0a844fb115d,0.030110307572978841
ck_24cd0d779e866287,0.0023245779406192661
ck_59f46321ecf6d306,0.0071120141331450643
ck_e7c212f16d6df272,0.0076355045964987354
ck_c69ef0f3e7d6acf9,0.092113739322131405
ck_6c1dbee7e8fdd5c8,0.0088555302810410172
ck_2ad0ecbacd5acf8e,0.97836100151077687
ck_d67d9dfb60b286b9,0.0012440826179411424
ck_b35d803568f82d9a,0.027769316084508486
ck_af39767cf583905b,0.0038866047494917535
ck_4450b55f462ae134,0.0040402155060108216
ck_545b71eb4fa594b5,0.01048851135509998
ck_c0422e638a9c6046,0.015193594774616313
ck_cd7dcc884e283746,0.039554204364601046
ck_d6ea026357ec6477,0.015451427602665355
ck_e30e17db5473c7b2,0.0020825396589148741
ck_5567779d6ba184eb,0.008433017560473861
ck_fca2798914627dc8,0.041833880271212195
ck_fff9fdc2adf5100b,0.90141928223807688
ck_0c45e54897ab34e2,0.032985886723737645
ck_507a6a580ab55c76,0.010778060442440743
ck_332ad134fb909869,0.014864271444109215
ck_ca60d61cd4dc3bea,0.0016042388772519341
ck_59735f4ab2ad3da5,0.021760614355626647
ck_ab9ea095a5c58b4b,0.0072399891694775705
ck_ca0cc8ea9f344408,0.004967190096652657
ck_8e139f8925ef7968,0.014236026090168037
ck_9dfb2ae78659240a,0.004802822494077293
ck_90f6f5ced708aa75,0.00073962719673114437
ck_4280c33af57eb4f4,0.00079627356003227089
ck_5ac86682385c86b8,0.027039137849300454
ck_1bfa8abdb22be8f0,0.0080383989299513698
ck_65491367584c730c,0.044358167681352256
ck_3d7db96995745472,0.0093647590455806159
ck_a1c39df50a5873b3,0.016924216824876916
ck_ff7c26a62bda8089,0.0067152520953562608
ck_09b0d8af304646bd,0.0017718461173584807
ck_3c25029e40aa8a84,0.011416072861816149
ck_765aaf42c5088545,0.011820460256901456
ck_e0f845159b6e6a4a,0.023402568865605614
ck_272ae2179bbd8e58,0.0041796880427900978
ck_c0ce85fb4109567d,0.047743718879396213
ck_515379973a8044b8,0.0035149931299053605
ck_b5c3075c811a2216,0.036115749893365676
ck_713159c5c6a7a4d0,0.99727601648568098
ck_5b3ba20c8bb1383b,0.0064952845610339299
ck_67cdcdda3033842d,0.00924189286886265
ck_647ac26c5900f082,0.0062788880210152267
ck_46d51648c1bf80e5,0.14401731330737991
ck_40b4e264d1a12b83,0.95841431672580324
ck_620d7ae27af83cea,0.0075702831359641207
ck_b9e5b318ee4de68d,0.008716783264148582
ck_cd691e3466fb3742,0.0027380573566131994
ck_7190177963eafdd9,0.024365894492114189
ck_362ce13eec1e33a0,0.0039114113554783031
ck_646e270e0195bf05,0.01030736428590466
ck_472e0be7a3b533bb,0.03452774348065038
ck_0dae4a7eb587f3ba,0.015252024875677481
ck_e6e7257377c37b28,0.19556886103178217
ck_b7f5d10b427346ad,0.0040325059883064666
ck_3365a0ad1a8aa83c,0.0081302254083656603
ck_7a43ef9c7b1c67b5,0.0094849174831600613
ck_7456df89f3792235,0.011198903491318763
ck_5014a3b07e1f049f,0.26908884731077209
ck_9b12fb56529ebc4e,0.013036136428446352
ck_002eb6552b504ea1,0.0022582467475718146
ck_170f4688e0acd875,0.085393896743108044
ck_ccc83cf66365357b,0.032374378708601916
ck_4719112b55d20161,0.023809879720610109
ck_a02aeec1914c158a,0.0067432300376253718
ck_ad4a4daa826ac68b,0.050096471861697342
ck_0d40961e47797027,0.002774944451618383
ck_114c32aad4b6183f,0.046203810472273808
ck_6ee939b7f396975f,0.013566926148762867
ck_202f0c14b07ace01,0.03227582920965464
ck_09fd43f1b7e2eca2,0.0035014887248102475
ck_189b6fbe9b9192e7,0.036405425011105719
ck_1383b2b1875000f2,0.017791145952333359
ck_00bd7803f2530c68,0.023092353200172028
ck_4085cd3bf2661518,0.0083844677922774915
ck_79323eb5d2e5efae,0.0081124595310818146
ck_7d1661a34164406e,0.983837609152312
ck_ec30b61cbf517db8,0.0020816273029288686
ck_ef346071f0b7654b,0.0098100150365422259
ck_4c2f2eb657c2c60e,0.010890451855898873
ck_832d39c590a3ca75,0.72235015044699513
ck_7cc5e0fa3ca5a713,0.0019638248272352784
ck_08b4619490e751a8,0.95691979162006691
ck_e0b3158111370118,0.012932080256530917
ck_2685f38930866af0,0.016700247000746661
ck_cd6fbd4e8724f994,0.01025655951298941
ck_33160c443d4b3f19,0.030744053168095246
ck_2a2c336a69b8d68d,0.012710502114254531
ck_805ee564bd35ef15,0.0080637757544355943
ck_08a0355d1f1890ef,0.020094175706130125
ck_15fe2a47fa7e92ea,0.0027296990660325609
ck_85ca825f905a34a1,0.01826228862558766
ck_b6527a85fd682554,0.0091434124550607409
ck_9dfaca4c7c80b10d,0.052772443741436983
ck_ffb4d892c5158201,0.0041712493479833888
ck_a544e766540861fc,0.006708554801088196
ck_354909fecf5da8cf,0.013718442056516962
ck_fc5ea49518e5d637,0.0059150133404783072
ck_7c12de74de30b788,0.55244047761562576
ck_7f9a748110d70005,0.0029032891064183315
ck_732f725747393ec8,0.019542598951399461
ck_2452a30397dfc54c,0.013185720475790041
ck_08fb463e69f647c8,0.99249565985680754
ck_49df70f908dfd069,0.077804859929195336
ck_7af748a23775bd54,0.057855749084873169
ck_5010ffb1c94187b5,0.0014319538314796507
ck_68250033717cd59e,0.003720562932975114
ck_83dde7da2bf647ac,0.0030663724149453011
ck_8bbb625384edebd7,0.0030649387527323401
ck_5eaeb87bf6207406,0.84166717928357293
ck_0a7adc2f27f98510,0.17052269865620681
ck_c3719a30414bbb4d,0.014116192398219285
ck_580f136ced341298,0.0024300032966109364
ck_70d69e5d1bb99e85,0.026045768679346448
ck_c3476080516db25d,0.012269727683793936
ck_d4e0b2a12fcfc35e,0.0038494451192951909
ck_2ca91214c357c072,0.040784180969983166
ck_c3ba7534cefc1de8,0.048538282515359646
ck_e967ff05514b697b,0.027638971329547415
ck_2d3d7d64a6f443f8,0.092244746751601991
ck_9ccc030ba2de9fb2,0.03384781545537776
ck_387e5a7f163c7837,0.068175295138217074
ck_d51df5e9fbbbcc94,0.038009677413670048
ck_15254db133b28371,0.020901455672833531
ck_5ac959cbcc5e98f3,0.0017204563834779109
ck_619842688294dabc,0.003921769860541372
ck_179ed66cdfc1ce27,0.013911732908819311
ck_3a70b4ee59084715,0.0040996843817388863
ck_c1dd3feb9a0b6471,0.012287274948666337
ck_235ce9603c7dccbf,0.028821008935158023
ck_edf1096809e83ef8,0.0050002603460436151
ck_83c2c34add971d76,0.0041444064295310216
ck_0a4e191cd0a57ce1,0.0022185223078306305
ck_472c81a144f4631b,0.0018681865817475837
ck_81818169208a8cda,0.017565463688745529
ck_06aee5a62a67a84c,0.10720056776125644
ck_754cd7b4a5ae3f94,0.049448259782737841
ck_3428910b44b9d08f,0.057716289231088944
ck_a9d2bb4f2bde7052,0.0089237227459749609
ck_6482ed4491bedcaf,0.011542259451317252
ck_966d4d713cbc7792,0.014981329984965243
ck_1c8c969667cbaab2,0.85703418508601581
ck_94295287a04c85d2,0.16535146274481249
ck_466103ec5bd9444b,0.0078100144319525012
ck_3c0031d7514da17b,0.013866746886892767
ck_9757163e25262b74,0.01305574024492444
ck_c8ad3f01319c065e,0.022772282606939826
ck_d35e3aa9ef5d405e,0.33116775187095415
ck_3397c7856b4669a5,0.0041707555430199172
ck_1745847cd4e5dc83,0.021860041387854474
ck_4b84357ae8ec7777,0.0076629610554092842
ck_bd771efb4a7e15d0,0.063839473069864233
ck_764d40f865e710af,0.0055538116106469649
ck_021c6a4a7e3f1f0e,0.0029604869528571851
ck_123d75ffb75b606d,0.0052093537152128905
ck_b48cd8593533fc1d,0.82580847144039371
ck_c7b17f7b24bef5d7,0.0078154064108955281
ck_b11e22e75d9b99de,0.0032692779056730068
ck_c7550723b90e5615,0.011919927343669253
ck_4dfd8947f540eb24,0.0058411456727488608
ck_731943c682c9394e,0.035051041122743452
ck_7db098a17374bbf8,0.9665432133898173
ck_7f3132d6be389657,0.070170530420222477
ck_95458880a54df0b1,0.05870824222920392
ck_4c6ea04ce8ca9e2c,0.0042927279671361339
ck_8777beb11aabd66d,0.038358543644074809
ck_60c3d8306527a08d,0.011551134601735057
ck_cf8ecabbc61d3e11,0.0039412406967495204
ck_5189a302cfa7cefd,0.0038238138564830942
ck_77f293d44b4a3d2e,0.011417580227117644
ck_bed50fc64fbbf8ec,0.0082436047613353505
ck_929bcae878a3ecb3,0.70032231905041564
ck_f7c6c26ef3c4ae06,0.038397373697711103
ck_59a9e000fa275e1f,0.020396313581730316
ck_3ed9e081959b2f5c,0.0090769972414442533
ck_57f17254e2688637,0.014095307569670305
ck_52dec82e9cf6135a,0.0025736348677532347
ck_d91ab840848a54fc,0.0014864857687181621
ck_c886adec7bac250a,0.0079745979060670078
ck_63d4f5076fe4406e,0.0072777430468391096
ck_ac0ea27e692acdc9,0.0060623461901946132
ck_ba845332b730b596,0.0091386064099257501
ck_7e9a8924eab779e6,0.93723264503602866
ck_38abb60995114f8f,0.030488773768486389
ck_323b9cc5c49f8ea0,0.36275811058548657
ck_c530235393360e3b,0.012657199951291269
ck_1355db6f4010232a,0.0045808469453819268
ck_1cec1ed1512a2d3d,0.0023539798814567309
ck_5c0fe988b8aa7fcb,0.13238618006652367
ck_79e202f06d8dfe42,0.011645302691887708
ck_e137400825a1e3e6,0.01820230679424676
ck_fefc49a2b8ad993e,0.010772832650627735
ck_7510b1023cd08531,0.0060883786145211963
ck_b95fbf2b5640aa82,0.0069739719139504932
ck_f4536ba8dd2d551d,0.017847782676537888
ck_9dde2c63acda3ba3,0.008020163006299456
ck_59472d17debedafc,0.006427145099325942
ck_b0fa8b84e94d8ae0,0.0022360516103746538
ck_5b52ee0a13c71590,0.003002198173729439
ck_ad3c4be96599554a,0.016369058806120686
ck_458531c22ec2f9b3,0.0076516501303437474
ck_b379c198d6db2d62,0.013019844646210494
ck_ed9c56fdb9f45ddc,0.19793984382296087
ck_b3ab3c210e2c7c19,0.05696957417720732
ck_98b34f2d704c1c2a,0.019608858077639704
ck_6def9d0429e4ed4b,0.014180926349948058
ck_ac68d707006c12a8,0.017042546718792583
ck_829cbf5ccda481ae,0.026138441181841429
ck_43ea894480567274,0.036652426101954176
ck_5e36042cfad96c99,0.12434015697250625
ck_891eaedae139828e,0.0049292721048149642
ck_68ba25dc3385fea1,0.058459207289642566
ck_4a522ca2dc4831a0,0.00051471944317945946
ck_a152165caf295b51,0.021405568911024707
ck_31c54d540b128843,0.0020771925337751025
ck_cc447fcc24a0772b,0.48131332015426254
ck_8a16eb584093b12f,0.0028477825247859322
ck_259271c70f3fbcbe,0.033095423368445287
ck_bd86132499defcd0,0.011025067740791306
ck_7a4e3d553e8ab5b7,0.1420587886957477
ck_8ee08f6777cc155b,0.0079796149163234281
ck_604c710141327a81,0.0040049569595912438
ck_3f1287e6c27de0dc,0.019278528309016708
ck_ae91b4cff57fb3bf,0.012060448870142458
ck_8d5fa65717d2e0c6,0.0126480937329096
ck_c0b744eb9e7d4eb7,0.0096564070052430808
ck_90114c891239d821,0.0061661839430023693
ck_85de63d278f0fbae,0.0013726182383182687
ck_3d41faeb96802f68,0.0026654474591700367
ck_2cd21137a07fdd7d,0.039516964773666563
ck_168e7ea341a36b80,0.0030186055777395781
ck_db23a0e3e54be60c,0.76310313710430533
ck_a958b2461ffc21a2,0.08422858857121121
ck_0b3c3bea0e0ed339,0.0050368446968016567
ck_be5df076b8a86409,0.001331479583690595
ck_2d1548f1ee405cc9,0.0036711325230776126
ck_7176bbc97b1e42a1,0.0038966267558234462
ck_ad9e2088a33c8c72,0.0021555675235435637
ck_324b9939d9c1c31e,0.0012663811191366879
ck_dfc8f5c141fd7c63,0.029493149777106317
ck_16fc77b2bcf5ec03,0.95485897367622841
ck_4f521611ae14ae66,0.0032828133373914528
ck_a7fcf7b592f68ca1,0.19929084312655482
ck_8311cb6755b2016c,0.0049287181018515189
ck_724085c3452d4693,0.41532754711107578
ck_a0db4ccca08030c3,0.7824584924986997
ck_de39c1947fb675ee,0.11196966794452763
ck_96a9221a87be93c3,0.030469909892752774
ck_98217aeafa0bfefd,0.022967780025507312
ck_f4a7ac178fd55f0e,0.0036392629553502632
ck_5d818522cbfe2a54,0.025904069226955522
ck_874eca6776b34dec,0.0021963582148720267
ck_7262b4e0c29c942d,0.0047698828022852682
ck_20cd2f5666719baa,0.00078353539297004683
ck_d7ad9921a4d25926,0.011386459492140405
ck_d56ee1654378ffc7,0.026153169488692139
ck_2c7667f64edec2b5,0.023924096321186101
ck_78730527f8ba1438,0.27739612102010336
ck_794ba5921cef50c9,0.050420358553930324
ck_b8cdd6d6dccc4554,0.0012729881551606754
ck_12cbb211ebd2b437,0.039202094172710415
ck_85cb5033fca7c846,0.03479252394163259
ck_1e51199a075ca0fa,0.008130032106546229
ck_e0f3ea3373dfc4aa,0.17164612643856494
ck_40799e129fcf42c5,0.11838598243012631
ck_5d4ed73b9efd7d11,0.009537953051775034
ck_243b1b9fdd3f9a74,0.011362733565853177
ck_9d64187c0800f84e,0.036622281022246891
ck_01eb24c18ad11fca,0.027984046401534374
ck_a0e46b67e986ab56,0.025362467026311813
ck_cff18e2d8c520272,0.0023044819200619469
ck_6a27c44b691dbfac,0.0029926520240235654
ck_e6ffd0754ac08661,0.0021208593272756728
ck_a7acd5b015823793,0.010774021570702333
ck_c3f360c2d0ea0a37,0.015559860448090471
ck_38da3bf629458682,0.0040929712488438014
ck_9a0b605e9c3220c4,0.013473891634327408
ck_e980d325b8dbb8dd,0.0030949299493529549
ck_75b69034000ca7bb,0.053901759679865796
ck_d451d24c780b5884,0.022095952678639008
ck_2e824b0b27494a17,0.021539736850966579
ck_23caafc2cd34242c,0.0082106137095375887
ck_ffe2aa26f597e552,0.0092820998096140479
ck_eed7f1f7548df15b,0.0014984500972883182
ck_eeb75f8a6439f65e,0.039299038863182194
ck_2e481d75d110c06d,0.06171951749453651
ck_192579ecdca7ff83,0.021949097728805482
ck_869b1878d09d230d,0.033922397791893717
ck_323a71f9452d21cb,0.9359331964625307
ck_5e68ea2c5e893cf0,0.047037309684983097
ck_be52a7ec43241ba4,0.063329180849953703
ck_77b56c49cfdb1d81,0.043083077244962908
ck_15e0b679931f7a8d,0.014746549699635732
ck_93776b0c113f41f0,0.37277362103458989
ck_1f2760764afa45e8,0.0067042744004363886
ck_3fa1a523d77cd619,0.0029023193447953385
ck_0e13c4f73818149b,0.025649575206271528
ck_59be61b53d971611,0.016419232394372277
ck_87eb43e3b9d96169,0.049645286172245617
ck_9b7167da0920c37b,0.018235081243282228
ck_6cd8e0196365c474,0.070353476501816239
ck_9951bd806c13c7fd,0.02984726865069845
ck_c6d2e11a368184e6,0.0059907390590196053
ck_c646cdead6fb79d0,0.010123254889120092
ck_abaf371ec8249c4a,0.033402297411356342
ck_ccb3767c239018c1,0.0028140690557807227
ck_e5d1462846154a75,0.026585556523043476
ck_939fede90473e412,0.0074692577796009576
ck_bc89644ae3688995,0.02042896222793145
ck_71c917295020ccc7,0.0087441494235868718
ck_1d58f6caaa4d012c,0.049388829152561112
ck_609c249edd88c565,0.013719099228462445
ck_b1496c474c4a3239,0.0019600149861603395
ck_00a07fc2a9183c3a,0.0051059996467704566
ck_2122f201e65f76ee,0.0069174600783125199
ck_a5051eafe8b51224,0.0047398532197914329
ck_129e39ddfde92eeb,0.00063971733279494561
ck_102db9615e722c9e,0.019504673933548336
ck_b6a2bdb2d335e1d0,0.99489446921797775
ck_c4cca8278bdad9b9,0.0031971560972488518
ck_212525e2828a6c45,0.0072187690132179613
ck_84ad096a46e1a960,0.06630989673109311
ck_1294f7af22fade11,0.054550886558027666
ck_0d33977c3de8cfaf,0.99697146540285964
ck_5c47b49c26cce286,0.029081512242797695
ck_f558fe02bb0219b8,0.0062517867365389484
ck_c09c914e416edd08,0.0041782207530609954
ck_f8b3cdffef535330,0.053674444691446083
ck_46a8db16ad00b749,0.055175807566043886
ck_310f73940fc4cf4f,0.013207971081248486
ck_3d7fa32dfb9fc692,0.072024256611079807
ck_fe8e5a6c880ceb4e,0.006149857558248966
ck_7176d12b18f2cc0e,0.015128506735816238
ck_61d244b2cde483af,0.014064549270722326
ck_3865b7525b910893,0.048280195868850448
ck_efd7b9e22c6317d6,0.1911151603038897
ck_5e418a7c04437b4a,0.028611743350105447
ck_2db3fb565e0211ee,0.00095423643548760064
ck_1071d14c46c92379,0.90491735027637377
ck_1d7cd5dcbcdafd7b,0.6995093313020937
ck_dca9dc465f759db4,0.01405117042448107
ck_0d4dfd93086e7330,0.0028486283197540884
ck_16077934338472bf,0.0033212813161910071
ck_5249b223000915ec,0.026930005467030331
ck_125c5a720ecb177a,0.033962474838080729
ck_62337eccb1672737,0.010008808268352331
ck_13376c59b5bd6943,0.0019114874524386067
ck_399e45e5fe9beaee,0.0069489178647084045
ck_946afc2943298d26,0.009071985300371288
ck_a6e8e8f535b1f1d1,0.025285566547365856
ck_7c0fdfbb447cdc04,0.0059591739638433436
ck_ce0166addb93bbad,0.0053549569539675292
ck_7d28da4f1dab09ee,0.34732619233493822
ck_0508908697f60ce3,0.088830570197366426
ck_d96eb3cc55f2772f,0.015071663449246701
ck_b4384b6c11766ce7,0.0090558433053533945
ck_e5cdbe3aa12c97f6,0.013483662805498866
ck_9f3861940d8d873c,0.084452040049127958
ck_d74a62ab3804a81b,0.021803585881765057
ck_7cffb189f4f514ec,0.94639012577733994
ck_ec8738ec663cd2eb,0.0094504014699226258
ck_715966f86d5c913d,0.02519706238915324
ck_6da9c5912e15d9a8,0.035520926857390188
ck_c081e1967dcd811f,0.01982400725171329
ck_f9f93d1d41be1468,0.5515682327747371
ck_583d6ca78c97d91e,0.11098039283535602
ck_533c4f7400d5ab22,0.20316547124358986
ck_80c0a7f54ff4895d,0.0082006083950359986
ck_a60d6b324bae0330,0.0106417287112541
ck_4eb1c12f7d092bac,0.0010871268137460559
ck_5a9d5f9901e37e31,0.021996567899563078
ck_5ee32bc6bb5d1d4c,0.13340867058889216
ck_4684fdd61c6a0fac,0.016907528769987648
ck_510bfbbee37ff436,0.02209862874294476
ck_a964e6b5d8415334,0.21049122057035247
ck_1b708e2a4a0584dd,0.017597290095334138
ck_2369689bd795ee10,0.0091092364758100855
ck_e9dcf535f8c289eb,0.083168376346390488
ck_09748dfe4df3d540,0.003618306680816836
ck_2ce5afbc014763b8,0.019353604766657005
ck_132c16312f37810f,0.0019756498382891181
ck_010264ae04f2e902,0.40717619743278971
ck_fec0ff92fd622253,0.0059091959273308656
ck_6343e0d3b1c2962b,0.015286070884387222
ck_be51f4e5e6b85768,0.050764560458989388
ck_f2bdcfb4203ffdee,0.043900947623793832
ck_9720a472a3e0140c,0.0026950961127430542
ck_9aafc33fba1474cb,0.005320380023447745
ck_5403c76fe68a08ba,0.34444787363123575
ck_6e606f73a1094afd,0.071903178739084084
ck_ca9d86f65cfdf018,0.0024587961389189788
ck_b9f6040eebd1605f,0.020198418296769327
ck_b447badc9138987d,0.0038862701550646276
ck_7fc513033af061af,0.43065082501548979
ck_01c631b38e8a9535,0.0054401656219326966
ck_30753ffe481a1b8c,0.37250584847004736
ck_9129c92c12e0c8b4,0.0013583314720568575
ck_c401a26725b17177,0.0026839666580811159
ck_117d78ccd5820f36,0.03504191235946652
ck_b5777605668bfca1,0.0037551751692606779
ck_0e5385c70c6de025,0.0021682269305836545
ck_6a0f8f8fa4a3c2bc,0.12295116313904121
ck_1c65e8d5be3b9c60,0.20144959404371343
ck_432cc19c7eeaa46e,0.026212769285285292
ck_ec7406cb5cbc8f10,0.0052967774590187543
ck_18eb1f9181f95df4,0.0077285462510292904
ck_b837c7dac2a9b931,0.041933134789488215
ck_acb84dc2351eeb76,0.0051106954502876121
ck_812cb3a4482cc618,0.019828503311386428
ck_1436f6e11d4008f9,0.02230687403319892
ck_cb83b9f806e90dc6,0.050992649382478959
ck_60ac5e5f375daa38,0.0053896200356812352
ck_a7e669cf1c3985aa,0.012012960462625306
ck_675c0ca1ebb1051c,0.0061637994946558399
ck_398f3f4cf05c721b,0.0024288273338239422
ck_3364a1d9261b3638,0.0030002169134427524
ck_8dbf61df902a6bbc,0.0024909539894692025
ck_25e551a0a8d2fcc2,0.025936380732713163
ck_7831ca5c31fb3859,0.040069569694615191
ck_7989376f8cf64a9d,0.0090473031312371371
ck_0027ba644f9ae2cd,0.040740758325729196
ck_02a9104419a6dbaf,0.048972929421861752
ck_f97c477986043755,0.0046930053181513404
ck_4b68b38c1b3326a3,0.0022979040420562698
ck_190bc849e5ff5401,0.013000565139284253
ck_a0e96fed380440b2,0.0038308297583098641
ck_bd25ea782e375b22,0.038185665823988454
ck_50ed8f4e7ae6710f,0.011435039844304461
ck_86a2d852a9715432,0.47434350424223559
ck_5954f45a2ab45f43,0.028015247526321826
ck_5fc65c24e0736d5d,0.9590051206896224
ck_51d842e6dae74c71,0.0056390525539235861
ck_b05c4d33c4f43639,0.11392421044439462
ck_538fdbbb3c2bcbbb,0.014489836650424838
ck_735f244b99e3aa8d,0.064799035634369825
ck_5a4eb535c9a11993,0.016302513645477107
ck_706a4f673a9fda3b,0.47111801837522482
ck_b92b11d205af91eb,0.0025967543048149816
ck_84569a8fc50e73ac,0.0051384347638799045
ck_a5ecbefa849ae569,0.09499078378219114
ck_40bc6de252865f32,0.0032776619737507951
ck_4666232ddbf77756,0.0056137911044889331
ck_aa0b083e2a6813eb,0.074462493894768347
ck_634276b05f4381f8,0.014641294747907298
ck_fbff7b5da8111567,0.01417855351450455
ck_c00e70606904539a,0.0062782938240801885
ck_0e808afe2570ecac,0.0090964766813067793
ck_b1495ee5c59a6b28,0.016654102809460183
ck_724e459b9ece38f4,0.018505394825985188
ck_3c08546dd0c92863,0.039079781990511972
ck_aa9b28e7fc43af79,0.503746795586822
ck_f2f3cf9cd23b2809,0.013969175018276669
ck_19660cec756632ca,0.0030465914512000638
ck_221b5d40358230f4,0.014329870991581168
ck_dcbe6814fc4ca0b4,0.039831594903302181
ck_5f0be7b468a72333,0.0071585170059335719
ck_49685deb63e4e8f8,0.0038164604624045546
ck_032880f1114dd51c,0.081733436630530731
ck_238e53b6dee8c301,0.0044194540338832597
ck_7c7ca54969eed187,0.020054789011255222
ck_a6c740041faf0bd5,0.0058234535695358179
ck_2455d43bbdd2bb69,0.0067368852627734052
ck_6c54adce174f45f4,0.0047485323468898621
ck_192bbfd0d5720134,0.021325476171597982
ck_85e5494ec20383ae,0.023163533217231743
ck_479a065d5903e9c3,0.0049014122823216417
ck_408efac1d3885ff8,0.018865364235626795
ck_f7e958a286ae3b57,0.0033761416861030529
ck_8dd44eead7d765a5,0.023709782402695393
ck_2c4d25acbe3fabd9,0.039280782768392745
ck_621c9ddde6bf2eca,0.0099514003186515036
ck_2df4854186ec515b,0.025487969241628345
ck_a15fe7d0f4b65c33,0.67883440077282853
ck_73b729cb161487f2,0.0028954407723030063
ck_053746067839696b,0.036457170027252787
ck_0576b00d728bdf19,0.047616232234850391
ck_daaa995f3c2f0e47,0.012765446651264783
ck_a777c813551281fe,0.003002604896070485
ck_c4de808ae69c771f,0.0038474664493723873
ck_1d3e561a7d20be0a,0.99103994590523292
ck_4cc11c7d3ca61f73,0.0039475757262061387
ck_fd78f8a8663646d7,0.0090719168671148428
ck_3b150afde386ecff,0.0079806037662289182
ck_9fb11688dcfe1513,0.0038963041266240192
ck_924e572517515f19,0.082971293896700576
ck_eda55c8fb47593d7,0.0076688468293540741
ck_e066f71f8b296b7a,0.0055768856171402263
ck_32430e678c4f9f53,0.013199517899932282
ck_7484c214c889fe7f,0.018126222944916143
ck_7bf668e25abeeb05,0.0050042752930331749
ck_3925f8565abb7fe4,0.0038270029422642396
ck_933789b55361d7c1,0.79456044658411673
ck_04212a9bb9b28696,0.99590031749174879
ck_f04938570a154de3,0.0046249720457076874
ck_4ac918e884cff336,0.032971737226341495
ck_666b95e75d99ec4e,0.77465361543120936
ck_9b665ef46d785324,0.0045613522782344037
ck_de056e37c82e8e00,0.013868823917105116
ck_618c4e5cfae99dcd,0.026950671253472041
ck_3b74512f774a6e5a,0.0035537854402400036
ck_1ad36046aaeb816c,0.0070848158813281922
ck_2df5a9fc87553eb1,0.0060422118018921486
ck_b367449195e36499,0.030645182653724994
ck_1242aa4496576a99,0.003317970797950911
ck_133d8a1ac7c0e301,0.96349034080784424
ck_b804e784cde9af8b,0.009104067251635985
ck_4b3506b624e5193c,0.011480809274536751
ck_475ea9aa6d3898b7,0.05347618354244732
ck_337b24a474010abb,0.99291266069329842
ck_749e0e50c3907be8,0.0011368835695546636
ck_d1157eade2ac3975,0.015599532856463521
ck_c2dccbc1b24b137b,0.18088560799744416
ck_af02e1817cfa40b5,0.033008370935716437
ck_e9a2495dea8675e2,0.013759539540063571
ck_1df4a1781a0f6999,0.014440428176024197
ck_f85155ca5c312c7b,0.0077115865309767013
ck_ff090498c4b17ac3,0.012011603719662979
ck_17673a1c2867888a,0.0017347347207963928
ck_cfc2384f22954830,0.029884321853905098
ck_bd2cdd53fca26171,0.045116275502155967
ck_ec1c902b9b9b9c5f,0.045297903360430429
ck_317360ec0a67d27e,0.035885034156873691
ck_3e3ea5d8c4a229dc,0.018866245932342065
ck_546ad962d04b7de4,0.97741058733309627
ck_82f07504ab59ed33,0.093912573698018115
ck_382ebf136f7fa337,0.086504179817521121
ck_ed471e496916ee15,0.0019970348988358946
ck_0ec820b670d48098,0.0011984481415896898
ck_0b20bfc515ba42a2,0.039341972952600571
ck_42341cf31c08c981,0.011212291734530918
ck_42dcf92e9e016922,0.02368201399048844
ck_424c254249a109f0,0.028422470634848457
ck_ba576d6d4cb6130b,0.10431951251093483
ck_529fc3170fd11abd,0.019721367069144381
ck_be48f583f79427f7,0.03639838517756671
ck_94fff69584dd3b2a,0.011104890465841344
ck_6babe5b8674ff51f,0.043498477426612905
ck_7e826e233d6ea028,0.0051240404221002851
ck_d55eb81a4d543c59,0.024581021537641551
ck_12e2b5ebfe8986b2,0.010942198585490871
ck_206f8e3cd72768f3,0.018837554092460358
ck_a2d7a563f520b7ea,0.019836864987848209
ck_47cad6c3def4c9e4,0.0027567243182022869
ck_46bc797b4d07d607,0.0020719260899254711
ck_bda299466bb2136e,0.034944475306822168
ck_77fce5f86f00b8f4,0.62112715675030916
ck_25822068c86c856f,0.0027101802432661411
ck_9191579254663f5d,0.011863109325794607
ck_311d395fa9b8550a,0.080697761551099173
ck_31e7742f160980ef,0.027225586575334373
ck_f3dcd818db92de7b,0.0072932035554250972
ck_150a1108f936e6b0,0.016619657363279715
ck_4c37586080edb7fd,0.0021703802074988943
ck_6f8ae0319c07cafe,0.002113202043164147
ck_fb2a35571ec719d4,0.054007374225728808
ck_e45012f22b7f91d5,0.0007579354685006718
ck_70e6bca473bf6902,0.0046152095604520514
ck_e7501307c0698e5b,0.0085239944019417872
ck_e08e9c8ec5f23d8b,0.010838410245832509
ck_72771757dfb7f7a8,0.0074869695652983598
ck_fc418f53ce4aa579,0.97421108023087744
ck_c1ab40638f04cb02,0.037936846572830238
ck_f01be92dc78a2dc7,0.0083817772559042093
ck_703703bda38fdcf8,0.013268846147419255
ck_a1c78972e4ee4082,0.016841602288498334
ck_255f0e5888ae9e23,0.03846362836410272
ck_3b66196ccf436c35,0.0094408210025197017
ck_75fcda73f0b43557,0.010408956647950218
ck_d3e208671cf37f91,0.96921393586823346
ck_233397a8bd40d38d,0.0056482546446840537
ck_01e7960c63dca3a4,0.93290278474390431
ck_d932f98bf6b83956,0.30730687256830314
ck_abbd1465fc730d78,0.0019760514400120983
ck_7890208951df34f0,0.01620987029711398
ck_be5bd81e3715cb8f,0.929405390772027
ck_ead68310311690c8,0.55245517101626296
ck_c2bd5a722aa637d9,0.0086770012807315007
ck_197f8058cea1fbea,0.0010367394244169851
ck_ab33fb754c818ae3,0.033888695390261507
ck_95fdc264eac72fa0,0.0053508186649471167
ck_02adda6e91e49650,0.016993712448300516
ck_c54643d94d3ce355,0.039759170405419111
ck_9aa45c4e03c8c57a,0.025364761444474616
ck_427b91925952cb40,0.017921940633711646
ck_c4ca1434f3778f1d,0.96935566872535117
ck_89a1a780144d808b,0.029215739851430701
ck_8bedacc6233c6269,0.014591048763757008
ck_f4f83b1403ebea46,0.0099523552668145873
ck_a1fd0ad03ff9b776,0.028152338201564847
ck_c30201ebd003fdc7,0.025873516993400639
ck_9fe9bdce982b312c,0.083222900734075456
ck_09169f22194fd6aa,0.036587394266857601
ck_976fac1bb3dd8c58,0.035984750252913172
ck_bac5233623b25ca4,0.0079577476141029363
ck_9f83fa5a2d3b9049,0.012497347950634792
ck_b2a79dd3df560f14,0.042527750949022537
ck_62b9fb3db284941b,0.0075419080447775375
ck_aa075c418ed9fe5a,0.0052459829902286783
ck_c6abd5d57b1009d2,0.0012989463244615198
ck_0734fd90b2cabd43,0.0084175420791261172
ck_bafe82c870356706,0.9812654561986065
ck_e35eb857c61548b2,0.63057776981615787
ck_22b587c18363899a,0.0093001592545076499
ck_aa295a11b0a6ab36,0.032593633576448011
ck_d839798f9520363e,0.076824385371845494
ck_8049f5fce32be185,0.85014152604786319
ck_e2ab04136a442a98,0.0027982909289924959
ck_c9d72140b0389216,0.028826180483032295
ck_f234ab47061ba7c0,0.0011848080189314791
ck_31fc51d5a3dfe16a,0.023273812994516987
ck_f517f06551e69507,0.0079413669365862895
ck_392cf2cdd515c34d,0.0087414153351872588
ck_366616a725afc6bd,0.010956652578934257
ck_e18ac29ea62cb435,0.023659520439696075
ck_170c65860e2a7e23,0.0080977424230147185
ck_093e3a7134e11d6b,0.0093527396939333939
ck_d111c98b36bdb791,0.0060240526787394243
ck_1ebd574406235957,0.040174970063637849
ck_65519d0fb137e0c5,0.0038332538772864995
ck_ddc3fc99eaba2064,0.029074523565692144
ck_1be8cb95d6d9bbf8,0.0016581603947316813
ck_242521e261148fba,0.013041874924733993
ck_110608c3b03d4038,0.83904862218120924
ck_0dd7c5925d28755c,0.0029370692074547301
ck_f11be8ce05382cec,0.0085487462251840271
ck_129ffae92dc01408,0.0037648321388374434
ck_b0b9047dddb1ec84,0.74805018779725319
ck_b4954d16b9749829,0.023926126697482931
ck_66a8325f28be7562,0.0014902531932310531
ck_e1b1e7a7e4a15b3e,0.0031939069199611861
ck_658b4b54be09a4bc,0.98617827838834893
ck_77f8c5042065d506,0.0063337156455763582
ck_b003e5b54df65db4,0.02547065610318823
ck_ce81ff9b8b35562f,0.0064650755355060551
ck_d27b872648b71202,0.016678261972652788
ck_3acfec10eec32f9c,0.013157163672429476
ck_813e02e1ababd177,0.014469752226459954
ck_ad9a18f58589faa7,0.0032445580364153966
ck_62f5cfe22c952694,0.01214869398205516
ck_a46c1773f01f0be7,0.077134189774052925
ck_405b20ef9ad0ba5f,0.022689607377301371
ck_f948e8a8fdd79b4e,0.0057932702302646369
ck_81275d9d4c559e6f,0.0039841910226576793
ck_40e84e6ffe788a4c,0.014713775978394832
ck_17733f75ebdea93e,0.0029240977651938354
ck_4a1f0172d3bf4fd3,0.011033669395386858
ck_01ef1036b2e66a4b,0.0074560507200839947
ck_084a85145c15ed77,0.015149447243916207
ck_62f46226f244139f,0.016841481690175721
ck_43637d28c7216453,0.0031578908474944709
ck_fcdb4fe2f095fba1,0.019281464432790898
ck_9f85fea4490c00cf,0.0083836085356458912
ck_83e5979334345622,0.027461531290726829
ck_231ae0329ebc3220,0.0081607562986413789
ck_a49a2c1f881a3560,0.005216208763415448
ck_88ab6d245228c38e,0.00087426934922626813
ck_b62276c3426d680c,0.018519677017163328
ck_def344d68f06d749,0.017264968987260654
ck_8b19bb5b23b6741c,0.077305385771658741
ck_c009c97d5fafbced,0.033046847796807423
ck_9e298cae167f4693,0.026044189944439664
ck_84d62b8196da2452,0.013306013117524437
ck_6f73cdbf9305e2ea,0.01363170697454243
ck_4c1fdd1669c7cf51,0.001577905390748059
ck_744eade757ba69b5,0.02187777257893854
ck_b0fe4b92fc70f72c,0.0019130640539216253
ck_dd1c490050cd9051,0.0343155660452545
ck_17bf38d51115a8f3,0.0035807363241968371
ck_166aa980cc87fa77,0.10563024013321315
ck_f17ed7e0fd687742,0.03602363081944171
ck_26896c494b2768ef,0.016717779684270795
ck_88ef9f85948e1a01,0.00093084174243438314
ck_a28d9bb5590d458f,0.024614602221951398
ck_8b8b9de339d75d0b,0.029043233758638792
ck_6715139e240007d9,0.0069937610259604172
ck_139b54e6ccbdd7da,0.21385638065264007
ck_66e81a4190c33510,0.015764022162155576
ck_4e862c2f48c38aeb,0.0050377631312089281
ck_1a3ff7620580a514,0.010991499437917773
ck_f33188c232a03526,0.074381275104943634
ck_348c874eaf0354f4,0.038367982460041458
ck_931510e384b1d0cb,0.024672823234234493
ck_e15252ebd7553422,0.0038575955408951309
ck_a3cce46d15cc20a2,0.026138297144979717
ck_0dc1e536231c4860,0.0060811398843232528
ck_f92cd37022b0ce21,0.029351631285278172
ck_bb99071e8f58c8a4,0.1625289991693282
ck_06010f0df5b7cef8,0.0079759260395377667
ck_ab7cb50407d6b13e,0.034251043209712138
ck_16a06d58d71935bc,0.31563282277371751
ck_68f56f6560a7a933,0.0036480362396835112
ck_a019151ca8e7527a,0.023045259452760102
ck_d1b9e5d32d2d789f,0.0033260259958646215
ck_615763afc2e17a7f,0.0033107746165792007
ck_5eff0208c74ec714,0.023249110297784637
ck_7eebd0e6ad6c070e,0.0042902104043575258
ck_cd4c63155570d6ea,0.009489810307692392
ck_c5414d7a8031d4f5,0.0042804588109355999
ck_9a88a5a989cb5bc6,0.0077731517042669562
ck_541a734fc457246f,0.018647324782707551
ck_861af5a9a9a6d619,0.019368564529703605
ck_2cc1d9b587f6da31,0.012428247926346142
ck_7084ed3cf20781b7,0.024286592102332236
ck_e02f93f51cc8caf3,0.0032330776136189499
ck_9a930faade55b8ea,0.0027130259552116905
ck_0afa4449f20d5196,0.0029670574895136028
ck_4d503c41cf4e5034,0.018375203321190123
ck_6ff0fc7487e737e7,0.1155954051371953
ck_b21d8630387cabce,0.0041007719793441375
ck_bfd9bfc5b6ab4a54,0.17410696345472843
ck_629537d8b4d0f395,0.08024976096029679
ck_bfb067986660afe3,0.1198046861514358
ck_c1a31690c8573226,0.0075033991747000661
ck_94c9a4d382689e82,0.031783693723450676
ck_397c03aa33a57310,0.1374651697756174
ck_4b4a3c5b95c55b43,0.00098903681352510231
ck_40780fc0f8d6f309,0.0071289332808049891
ck_72022008a92c9386,0.079764227305611557
ck_0af18b3ce015d294,0.0037196344465239466
ck_a481385c2e60dc4a,0.0025790865966474948
ck_e49b5e4f2f2e79db,0.19070222016500016
ck_cb88ef3dc1f42225,0.0025343223560952742
ck_a4e2607b4c8021e8,0.0015106002724438478
ck_8aa8b9968233a1ab,0.016606931260558459
ck_cd32e58e8a1c0e85,0.0066492001948146914
ck_69b5620e00ef5dec,0.0013763504907646302
ck_0dbefdac0a1868fb,0.0037502253839517196
ck_fdda581aec411010,0.001763050905832244
ck_35e411b05d22f663,0.013785187464546867
ck_11662cc7940ffc82,0.038671183778761095
ck_4db6d4fd2b49aa81,0.024290193502208464
ck_cd0e76f0e7bb38cc,0.024232090318193216
ck_cf52e46fa54e4540,0.0022887496440029786
ck_337b930fd149a696,0.018868933558223024
ck_86a61d9a39768e87,0.011142606120028212
ck_8424bf65223a5a9e,0.0047884022964887005
ck_9625a64406ea16e3,0.0019082609029438717
ck_ed0cc1b1c28f9511,0.023852545592822551
ck_9158bdbb63ee8987,0.014176364256865422
ck_2f241b97c0f8389e,0.016789841864315987
ck_473d6314ea614b29,0.00649333873528978
ck_7443d6dca8cd1352,0.0038654245965853173
ck_c6fbdc5ba68a8466,0.0037060553021173053
ck_6cb7c97b72d6b5d3,0.012978837547748031
ck_b43f04431c267dea,0.001950414199504805
ck_77b2fb17c29f5e72,0.023696299624178525
ck_b1c51fdafcd80122,0.035902459649896752
ck_819bf3e8231f4081,0.01375953271818282
ck_1dedcb48ac381a1c,0.19410424204404747
ck_888651bfc2c8cf70,0.014000895132256216
ck_af0a6540ea7a36b2,0.01409733499330889
ck_97e980463aca4644,0.0029057318933046789
ck_6faf3e6820398866,0.06019019459485761
ck_d0982b4e0e118e4d,0.094560793037809177
ck_3f5e8f3f1df0c8c7,0.032014307554976168
ck_5d8481e2b38bd99d,0.014414359265465661
ck_569b83668d74042d,0.67032280463381366
ck_f8b6069d7577fde6,0.0036406475549012867
ck_837cc7fd48453a01,0.0081951414087566374
ck_2973b8274f0bf69b,0.021437415012618945
ck_69bd0b1abea7e1f0,0.069644806569163331
ck_fa0b234481cb57d3,0.028672654198809076
ck_cbeca201dbade3e5,0.027489618515686161
ck_05a00b1dd5a03359,0.0057078566773344696
ck_77c0fb524edb4a94,0.0045439216658980002
ck_e64f0df63e1be595,0.036488622231906714
ck_5c7ad6e731b69333,0.43195227929004859
ck_b657ae3c146cb7bd,0.0022844191896762133
ck_7dbe24ba01316775,0.025431335637235361
ck_0e3f80c1553c591b,0.028651547750489427
ck_3edc45db58760d76,0.0081112533779204195
ck_24ff97ad90bdd69a,0.080436875970165106
ck_263f6c5ff26b5e98,0.0076375603227728846
ck_437afe412ea4259c,0.047963114786730723
ck_ae8c9163cf957d7e,0.017152501852857299
ck_3f8571d4f7420b2a,0.017625330769960777
ck_e6465c56b337e6c2,0.023428926710139096
ck_7dff6abe4bd644dd,0.59626436400317695
ck_27fa694569140345,0.0030019591829637013
ck_cdc55623cb16e6a9,0.007549028873205535
ck_b08b3f089138c901,0.019973324629668138
ck_79da63fc100830b5,0.025879430214786371
ck_4339f86c87289222,0.89203530588115232
ck_38ea56d43afa5660,0.021561289935773206
ck_33ecaa7b892e73df,0.019511935918118374
ck_dba767885bd6ad69,0.0068213223272528441
ck_b109ec4c63503030,0.0082340994043344738
ck_a7f522382509cef1,0.0036343817459005903
ck_d9143e236eef177f,0.058081120658996933
ck_f790d91e5ff0eccd,0.21515247355224537
ck_064013b0957d87a5,0.99560871313073007
ck_643f549b4ac78a26,0.19281725707173952
ck_a07e7409d6d5aa06,0.0090954272475046866
ck_c37f03995f0f0169,0.0015914198989391889
ck_8929d2eb09872052,0.051485159937253291
ck_27f20337bef5ffe0,0.026742458521660298
ck_7c67b73196e3d0d9,0.018329406197949382
ck_e30db36e376606f7,0.046391979277259812
ck_99b4f266b61ae7ee,0.013162774055558817
ck_4072b59388976896,0.0056812600252626379
ck_21c99e1d6b881894,0.0023148786323894557
ck_ab2aed614ec1cdf8,0.033614486535514028
ck_a8cac8d480306839,0.0025900693729645958
ck_36d37be780c1291c,0.0023072603620906593
ck_7b3cc6cc3f250f39,0.041207650852093367
ck_b6673bbe61d2680d,0.017480825820806112
ck_c251898b5d51e3b0,0.010046400343775613
ck_69105f881da3c821,0.013928851868707624
ck_adfb8472d5c3d669,0.0068045867894799906
ck_4a24ad61d017e1ba,0.024481219999755249
ck_15ccbf8ff7d14086,0.020691279431007299
ck_c4bcc7cefd40f8e2,0.0033816575152516267
ck_8d5eda29a2cffa3c,0.0013755880442493219
ck_df65967b8b40319c,0.0043676967376450621
ck_329f7de7279e74c5,0.0050273753233559884
ck_d5b8e74e7ca6355a,0.060560568996633146
ck_faab769cce19879a,0.03547813404379313
ck_9b552204498b6762,0.024972822616260916
ck_c7dd84401e29a7fc,0.0015830921502023999
ck_14436a409ebcc90f,0.034169221500366755
ck_f09165d73ee903b1,0.011036302920634407
ck_3dd542c2d31be2c0,0.012187993977983709
ck_8afc1112c12f5402,0.0085494603750292976
ck_4682fad271d47eb0,0.93149874833466439
ck_9bf0d28119fc42c8,0.066579553330779057
ck_4610a073bb54d1b1,0.094374736840576526
ck_f781539b1042dc83,0.0024772357411864563
ck_3199b471575aeb3a,0.0070262990679838613
ck_51d3e8dd7465c015,0.0031350941203251797
ck_bcfb7ffb7cd428bd,0.021951766001401522
ck_8563fed6674afc77,0.0073810346643042425
ck_89c8b06aa8c84b2d,0.060680729138919878
ck_9a2fcccb82da663e,0.025504127652399351
ck_e7a3cfb9bf908e80,0.012749193518784235
ck_d99a8b4c820eb46b,0.0041795800736296107
ck_ae2ab6be219219aa,0.0064862147362702172
ck_a0dab7aa9c4a39a9,0.005491031841992562
ck_604e1b8a8c693aa7,0.0034684028122085194
ck_17c4296276448afe,0.0021874493827073434
ck_9e9a830785112a73,0.0097211457677260742
ck_2bb49dc2388cdc1e,0.0019880466886291076
ck_bb303568b6915205,0.25290433920476352
ck_ab1bb02f6b189304,0.92881255470689661
ck_2675e7a008e584a7,0.32166184485462979
ck_9880410fcd10a28e,0.0043923197968979907
ck_e73caa3771ec5e0f,0.002804375617194058
ck_74928f5f91aa12b2,0.036426619637457927
ck_eaebaf4d28400fb8,0.024369843703313934
ck_ec5ea81cf813597c,0.030699982506513339
ck_423ff4ede6a9f066,0.0097466451163782993
ck_205c107cec528414,0.78003753004586562
ck_1df66f537496ca59,0.10256511544859427
ck_3646515079e6be55,0.0099184906586928974
ck_b2c896beec146477,0.02251703702816784
ck_d80283209c963f11,0.016322803056638614
ck_c4524993ec31dbe5,0.0061272392222632005
ck_9f7807ed64cdb728,0.040862790043919947
ck_8550f229b5eb03ab,0.013660218772430507
ck_4199342d3aca74e8,0.0094666583421204598
ck_3135c019696ee6af,0.98201384110929713
ck_5d01200ba3341462,0.0096961919621413612
ck_a54dc042ebb7c766,0.34927095731857749
ck_ca5b1057f8248f73,0.011563200076882371
ck_1f7ee7b23fc6f2f4,0.019620569521545284
ck_92d782bd9ce0d1e3,0.023507210979191697
ck_7b35d218ed0c5a60,0.0058012823696353437
ck_eccfd552aa652d3c,0.011650117353182476
ck_9b6ee35e8cd0b11c,0.0014726345555154791
ck_d838491d3d4f5ecf,0.0093151980895752884
ck_3a34c3ac83cf84b3,0.02747055137573013
ck_c08f622bcd6de6e7,0.0078402559587333089
ck_2d634e3f24681c0f,0.057391320188513728
ck_956b5af6d7d86c65,0.85598258155632934
ck_9332bbc7125219a7,0.0093285784633322967
ck_8007824431fa803b,0.0039997521462353351
ck_54b087bd873af8b8,0.016399158351483669
ck_e70418b00cbbbac9,0.0075714776281520842
ck_500948a8d4bd8e13,0.018538464616586592
ck_48e84b0cb0b90fa7,0.022108476685473881
ck_1917ef3e6e345549,0.06690848727805343
ck_5c33bb46c1a5945b,0.017227784743792565
ck_b51a58e7f032c9a8,0.020477205405568015
ck_188fdf2be7c92e9d,0.99087574754696672
ck_4a103f8254b366f7,0.0085458491819832422
ck_4388abce33ecd01b,0.11152143296787753
ck_321e740066fb05c3,0.2616850863226009
ck_c93def7392f0aff5,0.054288734918001694
ck_8582490d6e365a63,0.0071161280440209
ck_bfa17a0b1760e616,0.0022666486409148802
ck_65a23ac8e44eb901,0.012889220180143374
ck_bcc9cbc9ed8b7c31,0.0077882562889359718
ck_6426427efe3228af,0.018167648844001658
ck_eb264d1b180d4b4c,0.012365366196857132
ck_b7af9b2ee0eebbc6,0.025630068494346753
ck_79557434c129ba52,0.012518004400833373
ck_073da541ec3f9d3d,0.025418527078385617
ck_96dff7a09d45f116,0.028852037458877246
ck_8ec86e853ad52828,0.079180348457521157
ck_64f5fba6af67e024,0.016732512311905423
ck_e0fb11fc9dcb34e6,0.0034468224058045163
ck_361f535599110201,0.059448374775298546
ck_34b0988a97d96902,0.008706016232932632
ck_337c5684510cf432,0.052864240843189497
ck_258d661e450ac870,0.0033940478483630732
ck_6b55ec4e87a5e22c,0.60204227943677779
ck_638df9e8a22dfe0b,0.028613856892328111
ck_e36c8da1bd359960,0.057814538635519955
ck_73188a826b5f499f,0.0069619206165646031
ck_286bfd719836e9f3,0.14962721619454739
ck_a209a5f7d172125e,0.019068059881669031
ck_fd0483639811f62e,0.055351417709135965
ck_0d16d9349e4a9e08,0.038521613352224912
ck_fcf5d4a4748cdd53,0.0020951937511141539
ck_61e1f7168cd9ff25,0.022357786402717298
ck_b7f4baa2cc82fe61,0.0090503486307383745
ck_437f9ecd2016a1a8,0.0064441589792082303
ck_04219a7ea798db51,0.12507945940724532
ck_644b1c1149eea9e0,0.028517857127516234
ck_bfc82b3c1c9f2897,0.76984896151896598
ck_9cf44eb0237c2429,0.001736209301444746
ck_2106e509d77fdb4a,0.19325438338925141
ck_49a0efb5d4067b6f,0.16887992165979743
ck_82f360df1e9f4eb8,0.052460951291974145
ck_9986c7d781ac6b4e,0.0051457105632916941
ck_c8413898f5f7cb7d,0.039369428782967945
ck_b3fb83f0d772a831,0.01784183644237787
ck_a2299b4f530be0d6,0.19996340036057686
ck_fce0b6855886a0b8,0.010368374771848187
ck_162513e73782929f,0.0252245076841702
ck_3e9e3bba8bd363af,0.0023926995257611055
ck_88cd35378075c84f,0.001300634711262912
ck_20541686a94fb71c,0.06406037389824154
ck_fa80da579ea9afc0,0.014466743342497736
ck_7916e53daab36745,0.063167399163803775
ck_121db7ba3be29ee8,0.034563170795743225
ck_01e5986ebb9a78f1,0.019204489775361565
ck_6c26c12071c91ff6,0.0065264317839806209
ck_0e6e05c3cc8c8242,0.019029619921059334
ck_7738eb085e5753d6,0.015941863310530775
ck_2bf10be403849c9a,0.017830484347109106
ck_3e6f35e4500d2f2a,0.00083682476615297278
ck_7a9f241d5f082567,0.0021514185265857698
ck_247589ff532f7aa8,0.0081510169993948261
ck_d1c787c27d50af49,0.07275458187275767
ck_49c98bebd1338879,0.0021153165630204886
ck_9afc3bb849f3a64d,0.01113277240826337
ck_1d40e4fc541abe93,0.2140165486513437
ck_4fd9dc00e1913587,0.98910854847920981
ck_c19371047a2d011d,0.0019931304661667151
ck_7d9f73dc7c4f90c3,0.049315595896408257
ck_8c84fcde93a04334,0.43467417990900409
ck_e09c97520eb0533c,0.014871483579682255
ck_a1e13c0d58560340,0.0018300549488133122
ck_cacc2ca410cbe80b,0.013088501740175337
ck_dad5cf32ab9f243f,0.0045391773007628826
ck_b2cb9e6610eca967,0.020711939564238443
ck_1da2f69023ca4c13,0.0014842592506462394
ck_25122cc0e8b1a662,0.061849803402737769
ck_dfee9de05e3971cf,0.0024464484839648009
ck_ca54b32fca7e94cd,0.0041681149659598751
ck_384ccecd342a24ad,0.0046896185531277836
ck_6abf8302ce052451,0.029784172315634763
ck_6ffa90143838a4a2,0.002163475265432765
ck_34f9951b0eca1965,0.019220869630673508
ck_9385f5a1eeebefcd,0.020506881117179875
ck_3df8da6f60a89a5b,0.0080736776728005701
ck_08ff5bd467226a5f,0.002006224044959158
ck_6eceeafd56b42576,0.055817294280976489
ck_f744e208183971f8,0.0011541103631215145
ck_7b45ed23304a854b,0.0072379934771096832
ck_f88c79186a082beb,0.06202888081222345
ck_b78d785ca3ef773a,0.015252883501816184
ck_67207e3eecc02d76,0.079263941927040976
ck_7aa8bc018c2b003b,0.0017531064407988962
ck_676fa5f6aae5475b,0.004420011623834443
ck_73c18e03e3c7612e,0.002746870399239155
ck_d91d9f8445b9769a,0.70183489458610837
ck_f6a4a7ed27fe76fc,0.068130545561786021
ck_8742114f4f0cb22c,0.02885749314736125
ck_5c82444b3b9160ae,0.0082749968930018302
ck_2acb54ca20c3af6c,0.057791492285973786
ck_15b93103ccd38609,0.011409237045182215
ck_16541fc15683e21c,0.0055879073375812213
ck_039e6d5a330cea1a,0.02689194249068793
ck_d8116c34302021d7,0.0036114000332408721
ck_e03a9d8ac94161d5,0.005762199102862923
ck_eeb854318b3a6f0a,0.014565458036381039
ck_e9f228845bf6e28b,0.0255684265463994
ck_203c2a22c0c165ac,0.01471347648756411
ck_5b59e859bed5b40e,0.022070349314209356
ck_7b61717f172f9317,0.91084729911133033
ck_114722e12db90a73,0.0037851070958180534
ck_ccc7916b56d42195,0.015475526919479819
ck_2dd147ce6d61749f,0.020211093092953276
ck_9ede51c8434cff6e,0.011226905564607127
ck_88a8b1d442ca3686,0.031173110105121454
ck_36d2be9012f7909e,0.015827478415610906
ck_495d814d6d6d521e,0.0021652760186681467
ck_6f5bb0c930644cae,0.99710618168203746
ck_79749eca42ff1f5f,0.0084889214486416741
ck_cebb8aa8c8f62c60,0.0015791443260678942
ck_349cc5edda1b8853,0.024623629620242844
ck_85df7b7de9700aba,0.0064866587879021612
ck_e0983999ca26c19e,0.022846016783422206
ck_d879d645d6e44207,0.014672169604401692
ck_a6c02ae50932cd9d,0.0035882037995560979
ck_50176dae5b1b716d,0.0090610629853818472
ck_d6880578428b965e,0.1498377813405023
ck_f51fe59cd445d2cb,0.019274128611227511
ck_8440ef1386c07194,0.011076430177803465
ck_28cb9b03e89263f1,0.0012086210247993674
ck_5ccc1a1c78cb33ee,0.013017879721954003
ck_e04166b0ce66393a,0.008567291454307624
ck_72ff52c4824072ce,0.030272254257042296
ck_11f85bc705dbe036,0.061580432289259648
ck_89f3e380b0686963,0.01027574739821209
ck_26df74feac7ec51d,0.01977851784812951
ck_a9812ff3c111ea94,0.01803815578878365
ck_bf6fb7e6470e95cb,0.0022848983077767074
ck_cee4e4e1b62bf82f,0.0098358608353352368
ck_7c560467daca735f,0.002307000823010435
ck_f72a5a3b0d6c1177,0.0018638229859224238
ck_5fc90b4668ea81bf,0.01528542716461994
ck_c2a5c54ad8d0d297,0.011109813747714466
ck_7508aa554fae6afb,0.12534971924559685
ck_003aa842b7ca1d77,0.28756628583627142
ck_573feefba6bf78bb,0.051270699916831891
ck_83b2b192f41ee2bc,0.11584383273286633
ck_64796b6b2c3c7f06,0.029432257394981391
ck_5fd8924732fe403e,0.14736935258963557
ck_1d96d7fd65f208b2,0.014114048505930806
ck_9d00823bf60388d7,0.02684328074140967
ck_0ee6965e68efc177,0.031374339039539373
ck_337e98c69f6e7886,0.0097434701004904048
ck_b8e8dba20676d87b,0.013561246975098088
ck_f8ac3a0500c0ec62,0.045263666847762007
ck_577c816b41cab002,0.94961307875934076
ck_05c97fc9de11aba6,0.10973669060483536
ck_c82364d87875a1a1,0.017322977727209296
ck_e43e53cc7b8b8e41,0.045203691839312742
ck_d07c5b0321c685ea,0.045471012107245745
ck_16077ac345472e6a,0.0083602457711031176
ck_e07fd57565c94c28,0.013828677739961683
ck_a4d6e152b0076964,0.0069863315214365469
ck_9929723f65636c7f,0.99017610386934785
ck_d90b1d03ae151f62,0.016652219642512678
ck_a553418f2fba1440,0.013370492659820224
ck_105b0c93573fd5b7,0.19582678060707848
ck_2a01e610348b84f8,0.048017057800121651
ck_df1585c7d72a96e0,0.0030884639556112074
ck_df520a7a6e405889,0.069340611507134636
ck_2d9524787cfe1ab3,0.89558473063303978
ck_7f15b50b29dead01,0.011236724325291502
ck_fcb2a559474c3493,0.01827274511095053
ck_e5ca550b39ed45bf,0.2923373131203697
ck_d2ca47180a926ba2,0.0030942406775781445
ck_0a93ed76bf36c8b6,0.030697124441586624
ck_406c4442dee45cd1,0.0050116853161004298
ck_56de216eda6b7fa6,0.00080070199625715893
ck_3d56b477fe2370b6,0.04938802365017253
ck_edfe8e90e8f4366e,0.0093827653043115546
ck_2096d32f3d497ea1,0.078377297850994176
ck_c18245be844680f3,0.0025821471761140425
ck_0253b3e7be021306,0.0025163435539214997
ck_fa5ba9ed9ed6a343,0.022528223316364466
ck_c9c99e5b19aeced8,0.003382229195015607
ck_14b4bf7be6ac2b61,0.016694503464830111
ck_b7df99aecef385e6,0.1813288268488818
ck_17ab3068fa303682,0.001893673524486481
ck_592a3520d841d11b,0.032413857037465861
ck_094974d75e29fb2f,0.098943000884508026
ck_6cfa71d27fc27f92,0.01841934676522634
ck_f2ddae2eb1cb29b4,0.005206299793083919
ck_1757fcb0e6e3f88e,0.034186941291621149
ck_7afefa349b960a3e,0.0087279673721038231
ck_487f7fbc290e4ae2,0.0055208238223069511
ck_28dc0de0ae291f37,0.030060548325165849
ck_2c2f080ba185016e,0.033202020958609246
ck_f4a2bb10afa85743,0.0088296707291101971
ck_9ad08fcc183ea1e7,0.007024685715387273
ck_d08e00c842b75176,0.010903873033892413
ck_a3be871ca22ac416,0.0054402170813907733
ck_ab70961e7c6695b2,0.0089404685677826855
ck_c6200734c7f9b2f9,0.9122942368509761
ck_d0f470f8078c91df,0.016199076453820543
ck_11c7a58e09e6547b,0.03552541570254919
ck_2e0eedaaf2980c2c,0.0034330898192195146
ck_0e2bc3a5afa439d8,0.0089609276522664549
ck_c416357d20238a4e,0.0072101884937127853
ck_f0c44ee5e3a42e3d,0.089124680674913581
ck_8342e08cc2f9bcb7,0.011535197505133229
ck_93c0cb3dac4891fe,0.035287783606859927
ck_5c5284c45d9ad8bf,0.037211418337163668
ck_3954b7b0fd1d6614,0.0061817875683355906
ck_eb1ddfc353b4da83,0.0029739686768447174
ck_ae668e4564cd2aa1,0.0020803624825330167
ck_d89abbab3d4957aa,0.019930726746659688
ck_364f8203a3e98d36,0.66096228071898766
ck_004fe0daecbe2c1a,0.01332996497766843
ck_a31a64a39a2c4941,0.0040095773847306929
ck_c49f25dfb39909cf,0.12225987684788189
ck_4ab74a6e7450416c,0.0020026717296064249
ck_55f50a9ae2db8ff7,0.0023006390608560781
ck_7a86ef4e2beaec38,0.0025091726527757575
ck_f67ee7910d532216,0.023768729079104836
ck_21860dd2159dff28,0.0038192924964543995
ck_63560eec94b76d2f,0.016981427319684293
ck_dd78cb6ae2866cc6,0.016158169554813348
ck_c1f4509c8f5dac5c,0.0099752185011601335
ck_b921af37d500e139,0.0054018916882442253
ck_e23e50e02cb3904d,0.018874407072749413
ck_80c4e9274cf976b6,0.98272513355356428
ck_4c352dd3e7c81269,0.015214158795458014
ck_1cb6dc67f9a321b5,0.019897077517208824
ck_497ed60723283c0b,0.012264091050784378
ck_db23a5100f338d72,0.010440495206791373
ck_57658eda1c59bc52,0.0040647009018241814
ck_94410eedfca91304,0.029898016756711471
ck_eee99af3598311b8,0.010976932418355973
ck_832341c98254bd84,0.087269480163325475
ck_094d10439b7b4eac,0.0016798142974533911
ck_2493ee8e7b91d304,0.02707511728869165
ck_254a7c97c36dab8d,0.05997789737903475
ck_f268416945316815,0.014012510110686471
ck_59e77e3a81f1fa0d,0.012503109062494945
ck_614ef655f0685060,0.026156461543465456
ck_04d2ea38ee27770f,0.0017247004296844178
ck_b89c6fa2ad0a12f5,0.014015604507091547
ck_1805fcfc4a9e4ffa,0.90385670508293159
ck_3f5ae4673a9f858e,0.0058960085736084016
ck_ba88a244d5f7380f,0.017828347281243585
ck_fc832b0c90c9bdb9,0.94417328643363008
ck_7109923fd7dab20a,0.033233371391121438
ck_a97b481ade6f7972,0.070407059539394731
ck_f56200205280bddf,0.025223576220354711
ck_754f30ea19df857c,0.042237755582403586
ck_59fd11b3232de9dc,0.85928191828277756
ck_7519260415c2998e,0.011143040493713112
ck_b7f5acf5df1bb13e,0.0061039755477937125
ck_46656a23f4456d22,0.90170176871325225
ck_994316fa5a02b319,0.0010293433773097744
ck_ccccb17d2ca6ce94,0.016436418741963388
ck_269f1746f2609ed4,0.0030547590664605231
ck_3521243bdac61178,0.015181599588372998
ck_cf920313f6dd28fa,0.015807574849364903
ck_75d2a2715259c4d7,0.16807764032483113
ck_616cc31910f5de50,0.0032245343083725821
ck_31e70f2f04b48b88,0.0031665609144161137
ck_76ee10d6e2dba70f,0.011191996140566301
ck_05b2b04e11d9ae9c,0.028701367914851159
ck_8089fe7403c5f537,0.010075944969663454
ck_3209c530c9812e39,0.0056889062986956122
ck_fbf7351958ad9615,0.030620947184992156
ck_0adcb1fffcb0a34b,0.021586528844600474
ck_8f6ca5d3b17eac6e,0.0013983323671356129
ck_77a40c7d2f862a32,0.020465798123576323
ck_73de0b49709e5f8c,0.0069034333363564952
ck_e3982142336782df,0.0094931856193315681
ck_c6a7bbd0adc4d5f3,0.022146655136118007
ck_fb04ecbaebb774bd,0.011042109405519062
ck_de7259c3741db179,0.053212562714448866
ck_b6f2a2fd232c141b,0.0027886401675710423
ck_91fa5032f7aff0f1,0.020925538523394158
ck_c5f8ab515840a0fe,0.0068408957470041647
ck_b0f8f5408662337b,0.0038333853821257533
ck_eb4f4267e24d042c,0.0028223139749270895
ck_8cd1b68dd74b1375,0.10672750411790538
ck_3398551e81dbf3db,0.016989995814513735
ck_9a881d5433126ada,0.0061860065892135937
ck_9fd0be2c018ff5e4,0.0052009020849442577
ck_364cde38958b7af3,0.096648917694607567
ck_8c95aeec6a4c75b0,0.0073075412176516726
ck_2595669e421299f6,0.012789908833221657
ck_1402d24dd623df72,0.0046180339078128168
ck_5c2d43ff841632f9,0.0085156900684780872
ck_791d5392bbd80447,0.0069052690248617814
ck_f6e9d14dfb6f3c28,0.020422353216646413
ck_18df83242ff3cdbb,0.19980187816952821
ck_c363d3b050baf3b8,0.020811575089856718
ck_f8540cf3a8b2f8c9,0.024122335531831005
ck_dbc487cb0a6c18da,0.7895081367891077
ck_98831b57c7ca2e4f,0.0016543819590935729
ck_a6c7b8d6e8596d4f,0.051935785619655242
ck_13f2560c6a1ec62f,0.01137710149947694
ck_6c48c58678f64bae,0.0065302199293200093
ck_e0346d5081e640e8,0.05896593624973806
ck_0c9e420f97baaa06,0.82897923725709366
ck_da06d97db0b18851,0.0017307543838387916
ck_6e4f31bd108571f0,0.0015127681586561861
ck_120e995d50956bee,0.037688029887575608
ck_cbe525da0b69f18a,0.035938195611964013
ck_b62f3e3185251f71,0.004866725278492791
ck_1747fcc466f0ae38,0.0019484376044036624
ck_c6afa913168ce8fa,0.0026774830522979681
ck_e12a9f7d027e3387,0.0053119466179932977
ck_ddf787359d2b5deb,0.0032664699997421737
ck_e1140be6157bacbe,0.0035439125818618133
ck_47d3e8d1dd3fbcef,0.040395298695914128
ck_f90293f1eba5d7b6,0.02418580908403016
ck_2f6e64f638da0f97,0.0044256515876048824
ck_25dd0b02af5b2f37,0.067041326672543117
ck_a2637e4872cf4811,0.19238870476176229
ck_2ae44938847f3852,0.01578411179758429
ck_8347455ab53ff620,0.0050171818486397686
ck_7aa2deeda0e57412,0.98598800921472929
ck_f9c4f8b4ce2691f0,0.013186071764678356
ck_e5f7b99ba6ec5767,0.017069770254189313
ck_59371c9140239fd7,0.029532216607218199
ck_3380d60067b4634b,0.0025219807435951764
ck_27466468d06db4eb,0.038859234592231624
ck_16d2d27fadeeacf7,0.0068140735998878507
ck_0d5c0736ec76385a,0.0014358354771593991
ck_8053f1879a9b4e43,0.0019962468460422477
ck_ecf9794349eb4b3b,0.01068093114526357
ck_913ecdeeb8e21a9c,0.0047524439942925678
ck_687eab3ffe1f8cfa,0.024122335531831005
ck_e4459115cd8e5e4f,0.0084098600432789099
ck_1964ee9db929a173,0.94238652666810041
ck_77fdac602d0c6f95,0.0417731235589619
ck_1a28b6a40a6bd3b4,0.39085969204605503
ck_bf285dd49f372de4,0.048675983460255499
ck_eb6baff0f85ba936,0.028907756211052453
ck_a9bf75bea912027b,0.010203355926905879
ck_bb4aec09d4968dda,0.098472422323436337
ck_48011996d54855ac,0.62509758390644543
ck_a1b4c96faed3e0db,0.024583485400105631
ck_8cb20053914692d0,0.042914787588439099
ck_5f52728d777ff2c5,0.025337840398142911
ck_d66f42a269d5c1ed,0.061388546349909562
ck_244b897bb4d57c1f,0.0088932847929098363
ck_4eadbe7298b15e96,0.018849340134240777
ck_179039559ff7566c,0.047365889317078483
ck_a60fe02fc04407a9,0.024714376479910788
ck_baa47383ffd50f04,0.0065013944111335931
ck_3b1766a1d51f8f0e,0.72414835049277948
ck_abc54ed7111e9ed1,0.0023952741541806381
ck_2a46b7ca55239413,0.01090653672730057
ck_4ef9de711c3d93b1,0.023250487214177024
ck_ff822700f3605e06,0.99617145252343686
ck_783fe5bc20cd02db,0.027642150229842868
ck_ac9d3d9754104cf0,0.0010550973471571024
ck_9800c21dfbd8e811,0.0095517826997778398
ck_454b9e21b7f25a4c,0.0016589881736536094
ck_17946516d5df71d7,0.0026085078119927997
ck_b7e7f7d0cd886412,0.079522135359394466
ck_9eb5b3f5f672c2b1,0.0067696166369930529
ck_089e3a07abbe3b8f,0.011205957863060135
ck_6a28ea6ce69cb869,0.044527081297949592
ck_3be854e42e76569a,0.0052193502991687074
ck_d3e2c26b8adff099,0.016273979782604853
ck_47de038381a9cd65,0.024359689814701442
ck_e26a6659c237b650,0.023315533275444389
ck_7cf301d075e4e709,0.0040141019631960567
ck_c56a44fe315c0389,0.02079361380079402
ck_0e70516fa07cfb17,0.89106181462542644
ck_d38f941d09eec820,0.030194870306102531
ck_d6a290ff8362c7b9,0.071841199663098959
ck_cda72f597330d0f3,0.001633007798074901
ck_7c4f12d70f184533,0.0024142827279549158
ck_bccbf9fef367f00f,0.015511295076053266
ck_710f867a3bd5898c,0.0055203890030981872
ck_be05447853d423a9,0.0034688808692357499
ck_0414507baeea936a,0.0086343153860515866
ck_60796eb60fc3043e,0.0023333049311128912
ck_d0b32e039abb8200,0.0057950327333339616
ck_9060f4e7ab7a1b0c,0.009534545564156862
ck_1e0841ed17fe0562,0.021887369113182415
ck_d523f0e50a2747ad,0.0055074694133218933
ck_e322da8b213eab52,0.010920395848789505
ck_54b0b070689c50d6,0.0019278879943903061
ck_e7dce27edb700f27,0.01501544164237952
ck_79e45040dbdd6447,0.02270107984133353
ck_259eb102342057ea,0.0060104669212980378
ck_cd92852d7376a4a8,0.0026736540508133936
ck_a705c61bd679496f,0.0094756181745493211
ck_4bfeb78b47b7c6a1,0.051283665962359462
ck_f7112818a6d81422,0.031015010148564674
ck_c2504f5a113433ee,0.0024621965527655654
ck_9915ceedf63a5289,0.080979951006385609
ck_bccff46fb0868454,0.04013834028657709
ck_db8733fd92f20cd7,0.0082722629870159679
ck_8f3ccbd20d59f1f4,0.00326648633842352
ck_f77dfe6512eae322,0.028654688346507751
ck_957fb25437c75e41,0.012255243199774449
ck_46225858a38b2e57,0.018923456666370006
ck_f637fabf0f60528f,0.014518048012480352
ck_e6a6caf6e7de17c2,0.010279564476780589
ck_f7bc569b37e8bdda,0.017813638639331716
ck_e739eaaa7a1822f2,0.10505132193814008
ck_8409716d174635b6,0.0024670113163782967
ck_04e40f556a5062ef,0.0086186384074209178
ck_fa3b1e85d27af2ee,0.022386672336589603
ck_703b375dd86a6124,0.035262902555947488
ck_63ce4f44c92d7143,0.022743929865656251
ck_0d641d32658d6e0f,0.0018720023348084511
ck_6a2c4edd82e10969,0.0015579191846661672
ck_4c5ff58afe3d7a67,0.0026311628476398952
ck_6b114f2a48152b96,0.0028085748789760611
ck_e842fb0cf055a83b,0.18674282899047626
ck_53d17ab97de1ac3e,0.0016168887033263537
ck_8bb9e75393954a1f,0.0032795824481086882
ck_07cb2b6f2a4303e1,0.011850817688653025
ck_31631e2028d4f855,0.0079336354336172824
ck_4bca22b5926b9c28,0.0027168890621208702
ck_1631bab0ba1256db,0.018321263999454038
ck_41d91dc9f5063566,0.021902020545214278
ck_cd78f0832a09bd8f,0.69579409115702451
ck_d5194f2e92fd6427,0.020532314822635067
ck_e25f70d0b7229420,0.034908916836422214
ck_1496568ddc3b2d56,0.010309094502095249
ck_53a6a33060d5c8b8,0.0049150991894999392
ck_1dbf1f15193197db,0.025617534863213737
ck_5c85d93ecfed4b0e,0.0043251450630937298
ck_2b359a979520276e,0.0018434104864414489
ck_1c93cc58f314bf71,0.031082131800875767
ck_9341c7959543c542,0.0037432438530073105
ck_1da9d40837ebaa57,0.032607303558391046
ck_265accb3c5c32620,0.037354124123248317
ck_ec4e597f17f473c6,0.016824062684798816
ck_612089ec90c37219,0.014586422598655197
ck_c6bf67470f526771,0.025193180335230193
ck_6eda4c36aecad602,0.0037221424035540529
ck_e62eb708d2688fae,0.019444565313484794
ck_e21a900556b382ad,0.02936457105248352
ck_fa3a766e49dc77ae,0.015272843696618885
ck_18a55b06ccccd88b,0.025003714208000096
ck_6ba091eb42ffa9fb,0.19016207269478916
ck_7b8cb0f90fbdc8c6,0.012164238981994899
ck_228a583f23abff48,0.013280344209290178
ck_a3ce05e9e5e32142,0.056783973072221536
ck_fb4797045077bc6d,0.0019170990377935749
ck_5fdafeaec036f016,0.011773730372771678
ck_e9e8cacd2fa35e79,0.017643198460805566
ck_ff182f033134dbb8,0.073471437128110356
ck_0cbd3b27063d4415,0.12145263062998425
ck_81709736281fa3eb,0.0041109397110742473
ck_b0a0fb0ee9ebf106,0.0073599185745095094
ck_2faf7ecccc9fec58,0.0018592657927972026
ck_d251e9fa09e542dd,0.99634992626510854
ck_32f590e87bc3d715,0.0021021907317420622
ck_20de8abfd8960ee3,0.035238846537071683
ck_a60e6edc48e3d0ac,0.15850658612136037
ck_905e460591d9a278,0.075357937111995954
ck_2ca83dbd728af019,0.0059833127193746217
ck_7061786fe2f22f5a,0.025092222919094957
ck_821446adc95e6da5,0.012130809471211231
ck_b1182471d9ac6b26,0.0066293314657275264
ck_59d380a0973b3951,0.01031317324113884
ck_f7fbc95ebf584379,0.0099717800025885019
ck_8e9faf94e3e6c757,0.0020587312855085459
ck_d9ba2a6c0d926b4d,0.0075870972068720613
ck_4d3aa36ff83f1132,0.13179498771177831
ck_db906debc36a5d1e,0.03595803802603062
ck_329a73dbd585ee09,0.004481467628867624
ck_f6aea576cde8d592,0.00078040455963355548
ck_c40ffefe4e30b001,0.067593734999289001
ck_501dcf1ead036d2b,0.0052005320541283935
ck_8247b79ac67aae7d,0.021120546469757334
ck_e48d14d5b70ef5aa,0.0079799262672438937
ck_f3ab5dd853d38252,0.012164048536675739
ck_1a0aac7f7b94b1be,0.16632103187842739
ck_d4c8f0d957c3965d,0.026370660752561524
ck_9e3896c2668ce06b,0.019511559134717103
ck_227602ad072b838b,0.0030103819624056976
ck_9aa899a5230b0963,0.014854634781691071
ck_344b2e326a6c3dcc,0.0041392996170719395
ck_baf43bf1bd963f9f,0.057159385293984559
ck_e6c584b4b1ad6d9d,0.0077318791682579064
ck_ab9f0e08af030060,0.0085439673933311883
ck_5ad798286384484e,0.017053742718141522
ck_ae7780327e210522,0.0059394913902131724
ck_185f15b1523bbcf4,0.0026253342893412593
ck_bf378ea558a4125f,0.4887991352370894
ck_1325000bc7f35b5e,0.0037847257503750087
ck_98e1992ac8e7d2de,0.067576258443322434
ck_71fd8c346fde5cca,0.053667972044652748
ck_47a884dec960ff2d,0.0079938561943277368
ck_2dcbb71e39d64305,0.012692362986735338
ck_d546994fc5d3e9d1,0.026756615144453651
ck_c2c7d1e45a521857,0.045154663953072424
ck_d72035cb29db3aa4,0.029835049419648114
ck_a0498755cd8d7188,0.0010306132201619788
ck_a9aa389688ee5aea,0.026631772032012668
ck_ff24776280ceeeed,0.0043970754578282392
ck_124432fd5c92af7e,0.76786480735959639
ck_b27a9e39726b26d9,0.010224053006751412
ck_c4a72c09f2fdacc4,0.011312938897769059
ck_bf47375e41ca3bc0,0.0023696816912102446
ck_4c518637db2322d5,0.24204018627155666
ck_9e7278fc7679f002,0.01803292074003808
ck_b9facd2210daca5c,0.027508906357947456
ck_1c607e24f2c4397a,0.0550602510147786
ck_b1e81b58b9a545ce,0.012297188215412574
ck_9d5049e195eda029,0.0065871781883508227
ck_29076a13f539187a,0.1570752981296083
ck_00013fdfa0bd37dd,0.008763651439663454
ck_b6675a04df1a4276,0.0038611715529384173
ck_52427b3f8478db19,0.03259749121785227
ck_3b810f15ca0eaa55,0.0078118130775405893
ck_0f6d916c92189516,0.050579022873212531
ck_b3dd1198ac5aea73,0.024539632846069095
ck_9776cd8263a9f415,0.03087676479065761
ck_7d51c86e0eec72ac,0.017958737836689852
ck_bc2e771a1d8d2dee,0.057585743385620322
ck_c10e54c9db29e6ef,0.99418108096038749
ck_7184ad7709ae4c80,0.026647044170877151
ck_e55f5ca37f30ce8c,0.012440374821992945
ck_fcfe06e44d09a344,0.018334444979369761
ck_ab3426435b0017d6,0.013768423615245207
ck_c383aeabd53e9c89,0.01378898290966003
ck_71bc01291e0533a0,0.014364490340685035
ck_8220da627e9992a5,0.012056978610898971
ck_91d417507a8c58cb,0.1065067286518713
ck_79d6793d1d0cf43c,0.0022326118126354934
ck_8d84d771a21942a7,0.0040034644995652745
ck_b046a42684468e63,0.016448436537683835
ck_1058129ed7b48c59,0.021220590420994973
ck_962e65ab33b5c311,0.97472127085354732
ck_3ded7a8720d7e311,0.012330385948456389
ck_9da82e567074da9d,0.24248903799153049
ck_7b1319a5ca2f63c6,0.98985283195037299
ck_2cfb9a7775e8a5bc,0.98705283040735892
ck_6846100e43659bf3,0.0040202858807694766
ck_c72a7d0d03cf3e17,0.08697772497221895
ck_fb00aae4e17740c5,0.0068185368076543445
ck_2770b0400a7bef08,0.045997486118137726
ck_b36086ae6d87eec1,0.010785170623892908
ck_ea2a83ccb8d57490,0.0029167333337873679
ck_4be03a2aa62b93c7,0.0037258829764777422
ck_2786cbc3e75ec034,0.21916454007725972
ck_ae1da8ee98e402a4,0.013906575612834815
ck_b5e54e22e3d6960a,0.0065261400672637733
ck_3d139692c51b604a,0.070048668731963054
ck_718a8390b3d42d7d,0.036394780251473954
ck_62081bc35aa59931,0.0212224904852817
ck_7c7266f6ef2a8466,0.021900623883482906
ck_885cf685a9541190,0.29488380115922974
ck_2857a4ce9f72fbfa,0.0013413615289995429
ck_0ffdff7b2f5fdfe4,0.018031193028369388
ck_01a750db6fc1168a,0.084123687556391977
ck_7eb4f33260f1dcd4,0.0081488930540841338
ck_260ef2f3e6434819,0.050381957614306694
ck_544a9e80b7fdc279,0.0024817689498757962
ck_97d4bd922996fa10,0.0098338468031506695
ck_795c49f312640019,0.0006498260845420442
ck_0f8cb09d3f4fc980,0.13974959555127758
ck_69eb0b2ccfbe5f95,0.0071684834811945059
ck_44950df09ff14ded,0.0022874268427281329
ck_70d19d5650ddc8f5,0.013957211784683982
ck_da39653add0f1109,0.0023231890482968819
ck_b7431d4706461ec6,0.009377678359603743
ck_2f6a639468f41043,0.010722307393200056
ck_5a29b7018e43280c,0.0044170095119683925
ck_18bc51bbf3ef198e,0.032720975437456973
ck_5486768475af7bb5,0.931144968839139
ck_edc9668282e3c8cb,0.014742682563417837
ck_b64c87d5e3b10e6a,0.91978065739379677
ck_bb399ed6bf28c230,0.024480759160669441
ck_7ea52b6f27edcb73,0.025935228788162339
ck_0789a05e061b2784,0.12589901198354381
ck_29ea329fa40ace62,0.023769323770675466
ck_0034d010d28aea78,0.02373113728812631
ck_b52b99dad89ecdfb,0.13701925976247387
ck_e7b583acaa3171a2,0.017439337832848963
ck_d2d4282f9d256b3e,0.0058879470166408087
ck_130d3848b9dcdb05,0.016858113102165725
ck_4fe4b072f03f2c1e,0.0038161682250689478
ck_16801e628e883d78,0.0073746104643935481
ck_610c7bcc1cd7ecb0,0.0401392371916914
ck_34d6d74bb3ed11e5,0.0045347069113589756
ck_e87897767c612942,0.0098435040546036683
ck_d902183f80cc81fa,0.09607599949397766
ck_df69858b8a8b3165,0.0090758963479054544
ck_90489c405e6886d8,0.00343587543736491
ck_84d07028b5fca2f6,0.012217510574984557
ck_d96c893721385e4e,0.0012654477769795996
ck_f65ab819373edb37,0.017838535685493245
ck_21cac21fc10b7768,0.011407750939169844
ck_a0255ab46e122d2f,0.002422249817201425
ck_084322dc5a3a86f0,0.0035222564775737319
ck_786448fe3004cbd0,0.0077804715070470872
ck_e155cf506b2fb699,0.010401481597151201
ck_5984be472d2bc267,0.09573241164327323
ck_dc3d8b5c17b67ae9,0.0034568312115289979
ck_5ab68b434ad53fea,0.0059958732684349883
ck_2bd73d9098504760,0.073033787133070044
ck_d21b38231a8a9f4a,0.082535964328234984
ck_1dfa91405d7e66bc,0.010086335205742661
ck_ecdd01a391610d99,0.003793864210377688
ck_f928dba0d587d7c1,0.0028591235131846531
ck_d87e26eb5bc84b01,0.0032625262550798513
ck_d66d59981307db93,0.012875997104763136
ck_07f1734be7fac56a,0.015825702903574011
ck_a9b0c4dbd7db6a91,0.034960818182546392
ck_1587763dd54688c9,0.0051660966501429293
ck_dd30558576b45e7b,0.0080318801345515573
ck_4cedf26628c84f26,0.029092085176302053
ck_a2d709e7eb91e4af,0.040044230010003165
ck_3c48e0cfc2a58041,0.11296992353790639
ck_b8fd61a8e82bce32,0.96343077548907052
ck_7a1519ad5ff45312,0.0019578128076139763
ck_9dc23031b6b494af,0.024122335531831005
ck_9ae904fbef56065c,0.0059869842575012606
ck_958acf84c6137a22,0.031662807399918787
ck_fe6e168cdbb46b9a,0.055019506908602911
ck_962c3bbf27cd4b80,0.090433584111509924
ck_df1a6edaa3e6b271,0.0036550361730162168
ck_df0a8f20ab8f14f4,0.011240339597040173
ck_b0a947b498e47018,0.064820970120175569
ck_b616b6f45225f319,0.048415166781008705
ck_ba3a6be026c87079,0.0061973541325616548
ck_bc7710f7e9fae649,0.010678182474363283
ck_c5eefc0697451de9,0.037661385096896725
ck_e69195a3c885053d,0.0024412836447985785
ck_52e37e2170532e2a,0.092561699690993926
ck_826a27ff7555192e,0.0069959978574820059
ck_08c6cc1e143475e3,0.0041249109732513813
ck_923d6a0f83accef1,0.017172129858923621
ck_09a988ebcf062297,0.035271896713859927
ck_17de46314b5c6a92,0.03187360585424124
ck_6176baea8cbebbb6,0.015161972188265219
ck_e74716a525ee5b24,0.0016644129087892128
ck_8fea7d915259f1be,0.0034975054734935145
ck_ddc11fc481eef58d,0.021044457176354548
ck_4feb21e2fb0b3977,0.0084629131262869816
ck_03d3026107175dae,0.035757432124930176
ck_6ad56ef40086dbe4,0.0098661721230426103
ck_e81fc223bed3c46a,0.0086327339656619775
ck_862c7953bdea48b0,0.0083926870873042431
ck_c0dde2a6ef1e08c5,0.0021964474498866724
ck_660f0006780e87e7,0.017473163857951599
ck_69887d0a9aaca6df,0.00097314177576726386
ck_a95f212a02433d23,0.0087148652690506832
ck_ce1e695884511479,0.022309931894992446
ck_ebc5a2c6cf88e252,0.066010099426971419
ck_2122e9bb1afffef7,0.0061103607429274604
ck_38730aace405f2ae,0.99298922852988802
ck_5691cd6fdb6d8147,0.013856038929523883
ck_7dadef33f5e2d94f,0.95628051474673514
ck_278b36c5932d9bff,0.0027026715915643732
ck_6a892dd5d05c1649,0.0047529689297527815
ck_4a733aeb833406f4,0.0072734789415689399
ck_953bd5de48ccd70f,0.70271854634678221
ck_3db59982cbae4410,0.027493632734168071
ck_b8d210e741be186e,0.0058894491572622099
ck_7d6bff85e7a694bc,0.001824241830778393
ck_be86a1db08dea456,0.0085352924723222541
ck_f761b7650a0c1a85,0.010587115324773459
ck_de8494b13adeffb5,0.0024089355215810033
ck_f854fba8f4adae3d,0.054789181710048554
ck_b98e9c3ec6e7d1e7,0.0063530948303404094
ck_ccb72a33cc1877b7,0.02048087242117879
ck_76997a33c3ea5107,0.0019602375179312917
ck_d00e09e66ed6458b,0.17051742690235572
ck_2bd96ddb8c323d63,0.99507499283210721
ck_f792586ad0381eac,0.014290023534688888
ck_1eeeee651e05d535,0.038665100889562924
ck_fdf0c5b722d83464,0.0055217713255702652
ck_a823f5bcb0e4b9df,0.0016641271357347948
ck_28f530aec8e77130,0.031750845017351439
ck_80b04344c98ec072,0.047233340287536535
ck_97e56e6037024dff,0.0050154070252197425
ck_7c38ec898f0fc21d,0.0058349931545330367
ck_205c3405045bd835,0.0054389261936045553
ck_b456f62b80e21557,0.0040288193965371706
ck_1d6990d94a4d2ad6,0.04446387156315583
ck_a574a08edaf81781,0.0080487532150769828
ck_c8f2a1dd8a6141a4,0.0018829890760362707
ck_51440f64f7250ad7,0.056731005818793076
ck_fa7de64d37287615,0.038178402592317792
ck_d07bfb16a4a7dac0,0.91534131897626725
ck_0d362ddb4a1cb6d4,0.012497330646803782
ck_292f81186358b0fa,0.015445980988160723
ck_d6e7e257751c299b,0.0017610091831823447
ck_1b5b75762f033462,0.013232380761212154
ck_152671fbf8a9a78e,0.039233939234091637
ck_c0cf50eef030b401,0.0017987644194133994
ck_c1466b52c0a10b93,0.030881055530163477
ck_d208494cf5c90047,0.028145453188517917
ck_7fa947a0b1c1cf74,0.04111899133521682
ck_6cdac067cc4db5c5,0.0084145148911042127
ck_e3894ed88a7977e4,0.0074747190002115473
ck_53f55c6e8cf2d432,0.0019407336412761603
ck_a2c3e82fab520483,0.08379457403538132
ck_519a26ecf3d29c90,0.0031474149056420148
ck_1a415416f620d49d,0.0025429957821763794
ck_c24b47184534cc2c,0.98619950805327772
ck_b2b63ea65edf1dde,0.014597629909782464
ck_482dea6eed92cbbc,0.0090424976100626515
ck_7297bff2b7fdcbc8,0.0011288666225540184
ck_9a21d183524734aa,0.056339202744821813
ck_95945f48453ca532,0.042049340775828378
ck_6fc37dea4b4f35c6,0.051252959246622543
ck_afaf374009d3b248,0.010831708966172443
ck_10de0b0d86b17839,0.0044053431899433795
ck_142c00f9f8557504,0.025394559056245686
ck_c0133f60d39b2fb5,0.057489893184842843
ck_864a11202e19e812,0.044391944294320668
ck_3f943f20a9da9bff,0.049904614313933587
ck_7346e4f820d9c00a,0.89310762691000511
ck_9790138467a06223,0.0010213173046292943
ck_35b1939c48182a9a,0.0065082368367158066
ck_11f362dca2dfaf5a,0.034666045910954291
ck_ae0a7be6b0a0ea68,0.0086902323843660659
ck_0af5b7d128035b35,0.007609362036762584
ck_8d8226520722af78,0.091302632929950001
ck_de58ef6f9fe2b546,0.016986932213635168
ck_0274d881d6db82c8,0.014930078534830801
ck_c88fc1bac79fa6d3,0.10366324644593394
ck_826ee896c9f1144d,0.35879085097244529
ck_3b436cb29af99f3d,0.0071361641298352567
ck_6f8102f62c876cc9,0.038260243292162294
ck_20fad010969f1abf,0.0022803290127339183
ck_23aab322810b9fec,0.0056127058957537446
ck_4e329e29dfa743ea,0.23088306402528394
ck_2a7eba01ceba6c2c,0.14134709897001221
ck_9eb1da8cd35a50ce,0.012433105033048335
ck_da1a2450219dcf19,0.13118121612854522
ck_3716c6181a5035bc,0.035649907627621685
ck_51fe0b613c076cbe,0.0079990372056089228
ck_8584fea2df4c6317,0.02806290060063411
ck_ea623358f704daa7,0.083188514466378427
ck_ca491debd3b32a59,0.027337702827051679
ck_18c3a095606209e8,0.016751902127089373
ck_71db4131d7efe218,0.003926202354728031
ck_a76e8d83b9141364,0.046208649315795415
ck_5d5ef9e75f65d076,0.020912140650815474
ck_683af7b1540a0b22,0.016051172058192596
ck_e8d37262e859d9a1,0.014012510110686471
ck_de5bb7a4d091386d,0.14658246980411632
ck_970c7dc195161272,0.0043350881048541956
ck_80a64a7f0275a71d,0.010619015418742123
ck_04bd8a1ffaf3ffd8,0.001571328183511455
ck_77e0589ab339ca66,0.0012178800718708471
ck_7baf1e55db0dc558,0.010876827235093553
ck_f05f5e4b40afa52f,0.0343226580814684
ck_dddd14091ce812c2,0.0090975463524439505
ck_12c46bc52bf45b36,0.013384069427890522
ck_740d8fe8028b5a2e,0.0034989783561996763
ck_cf78169633a1600f,0.0044951278941560346
ck_1a3fd2cc4b4de196,0.0033536968833587227
ck_f4fe78e249092ab1,0.040401505382088213
ck_966901ea9c77cc02,0.015337315774575496
ck_f9fc468915afe49c,0.027819695477618964
ck_af3f74b1d75a5d95,0.010108085966673223
ck_af70aa32c009c3c9,0.0088134331042604083
ck_da645ea91d66aa6f,0.095605100485063599
ck_e15e3390f5ed45f3,0.0094013597002094405
ck_5f87eb05d18186c0,0.014115750924514069
ck_a61a879dd46fc9f2,0.019215559806366758
ck_024dcab126876002,0.0091508837810378111
ck_819b482bca14c068,0.46467114249162217
ck_15220e78d1545e40,0.031456154471686794
ck_2ca0020038bfec58,0.13743433417174075
ck_fb00dd5021642507,0.016272544174944899
ck_2737a72de6b700f3,0.048978195562366253
ck_263334d722ecbc97,0.2678563448064093
ck_ba1f6dd43fc8a0b1,0.013497993085841885
ck_5a22cb36d612236e,0.011149048949265808
ck_d86ccf148c06c8c8,0.018803386456679928
ck_60b023af6d1e30bf,0.75588778079450103
ck_1c8b94efe9238f5b,0.007221014531913564
ck_0284dc2b4f856b3a,0.46140554369613673
ck_72e550559487b919,0.0065993549851745149
ck_7e73e1d44ce82ed9,0.0071725864375866335
ck_f8dc8473c2772729,0.054694693056181479
ck_4596624a7c01d501,0.031676529626828411
ck_04e89fbd739243fa,0.0039495955271273229
ck_6149ffaf18872dc8,0.0017033208093043001
ck_e0171f91cb3411fe,0.015961993264155837
ck_1ecd5516c92caa4f,0.0012571767734397593
ck_21e3b3bd998745e5,0.37094053501699098
ck_05ed92a7c3e10e5d,0.034562977075665011
ck_d6fb9cc5171e3e9b,0.84296874279493106
ck_f0cf85b67a9b840f,0.026647044170877151
ck_c58bafff7b1955cc,0.022335281822547244
ck_06280e6d6d2485b0,0.013728053519587863
ck_99d3983f907828bf,0.0015858854449583301
ck_05ea4440dac6cfad,0.0057027613405272798
ck_5eec9ed855c26000,0.0027966653961428493
ck_5ab39bdc9610f6f3,0.28713965055133556
ck_c35d444e05799db6,0.012247863516928283
ck_87cce4126e215153,0.014513817379176615
ck_713649668a7ca824,0.032372156399498836
ck_0b0c93039f987abc,0.020784265391331005
ck_6d07d6d1bd227d37,0.037059803756956937
ck_e00e82a9419ff086,0.0075197578562460517
ck_eaf3b6d11bc3cb11,0.0022057418320581106
ck_2bb7c17168a9d17d,0.024787994567789268
ck_416f7ac57da081a3,0.011733912079441064
ck_b60de9e97aad9e45,0.89997555374643468
ck_7973edc9f22ee7b6,0.024236568774902857
ck_8452b6cf97c65a5e,0.016523185002677389
ck_6fb39b60c67d5475,0.0012935482607212361
ck_785fa45e86bc5e95,0.0051020200696648681
ck_3eba1fd2c7acc4c0,0.27881838921447522
ck_c10c8bcf5bcd516e,0.078322562396719697
ck_2825e34dd3e7ea2a,0.0082409978720654128
ck_67f3794d93e2dd67,0.43141134262058789
ck_9cbd9ecf8374f65f,0.017656972557952871
ck_32246c62640648d9,0.00092427764838817154
ck_f301f6758e170d66,0.016610876564057381
ck_885a83975cea5e64,0.04349718197773423
ck_0d2901bfe585c391,0.063361389336822144
ck_52453401f88935da,0.013408182293264369
ck_f9d481aa4f9b2808,0.4147256445235874
ck_18c179b4afc4fccc,0.018284346474089334
ck_a477654d34783e06,0.0032729650247671823
ck_7310cda3bc65a73f,0.0089446186104261347
ck_c20e89afe575549b,0.0045627470798229389
ck_668ec61c4c39cae3,0.00053832716058058953
ck_fc2cb29918631f10,0.024961135510374696
ck_15ce50f2704227be,0.021652558584320622
ck_0c533ff2d0f9962a,0.02738283310561895
ck_5881b174e49b04ee,0.0049441807658017617
ck_371bd9388b287677,0.0013561355216821129
ck_91a16336ce3217dc,0.016668460186553213
ck_a760d38d1bc4de97,0.0026238979049645538
ck_a9dded7f6294e44f,0.034049853522776494
ck_c8a03c516ed5b05c,0.070366557277952324
ck_25bfca1d8eaa152d,0.0060541977760953285
ck_191673540d8486af,0.024292697941045938
ck_82eed68d05a42128,0.0087601300931723393
ck_24b0803447211bf3,0.028184974723422549
ck_023908db0a193076,0.02107552430465642
ck_aca35dbcb835ad02,0.053891779344402466
ck_248b3659a9239240,0.068338879915587555
ck_a51abde881ebeff3,0.16090323196058767
ck_db9b9d5d30f74070,0.065155632972853386
ck_8b3401b44aaae728,0.0027109545456797416
ck_0841a5c24fd3dd28,0.020605466355469379
ck_541b6ad5d2fa5a39,0.0051361773392445418
ck_16c7bf94ed3e7a6f,0.0019669946879022899
ck_c82897ebffb6ae66,0.0065136676002618982
ck_b4a6bb4689cd7cfa,0.037906106253538199
ck_7c4f42c5397113b0,0.0017566809627115963
ck_73f124f075ede0fc,0.017066289807978519
ck_7584e7bd755cb28a,0.022362551851607175
ck_9f792e7e721ff7f1,0.002882178109662137
ck_c735b643d3cbf67b,0.0088820672893448228
ck_58bb02d98e2b9cd5,0.022166662305752868
ck_0d65bc749eb42710,0.013500554604822277
ck_6c33cb15b0d8af54,0.012309189876134514
ck_c7f6f45710bc050f,0.0018470261477043829
ck_aefa0d8d933e0eca,0.063571635489140826
ck_c1ee56d65a42f59f,0.022332338487031159
ck_66147fb994495396,0.11504220252890715
ck_06e73afdec26aecc,0.038559087089506568
ck_9fb8e3d38cdf276d,0.96234928280264864
ck_ff3998d6858daa21,0.0015134705079294692
ck_7f188aaa63d1d442,0.0188015797989236
ck_c7d444d90fa86d7c,0.2120481968170774
ck_d68d42858a55adff,0.042066799921342435
ck_fa7d5be26bf7b31c,0.088781357715023282
ck_352657008983fd4b,0.05018861876234236
ck_7476e7fe1ff45545,0.024900416516740381
ck_41406cfa209b6bda,0.015486857252035902
ck_475ebccca25e30d1,0.024468614038065419
ck_49ccc3716a564256,0.009863943034207576
ck_04470bc93b8a0d71,0.014581549318885046
ck_084cd84501012218,0.45871562292677603
ck_684609767df4a14b,0.04390872409249548
ck_3e4d02a04be2aaf8,0.043166396171715415
ck_f01af1b0c977cc06,0.017519211961320329
ck_027614eeba8b1a4b,0.0045406262142172592
ck_0f743bd13373748e,0.093002722116640318
ck_399b0d510be98bd2,0.014796386510665838
ck_ca4465f2b5c1a52e,0.97579702213536068
ck_2a59f23fc5194699,0.017554246370009824
ck_243c18dbf150831c,0.0048628870578744116
ck_88d9244a9cf7a77e,0.91515762714106086
ck_1ba28fb7ef726ce2,0.011823455114265587
ck_786f079389126e44,0.011695490889507578
ck_4f01f7eac0efaba5,0.015236250413139181
ck_47d29c01b20cf69f,0.041399819854026576
ck_07a5610ed28162fb,0.012668672665277245
ck_57b8226610b48854,0.0041327455452914805
ck_c6fff412f531db0f,0.0014828527419931889
ck_bac6dadf428eaea9,0.036753869563982938
ck_e37196b20968b73c,0.036055549511134447
ck_12631b78f8a03df2,0.01240200862853957
ck_2c6b174b063ec637,0.01402833546533927
ck_af559f990c640e41,0.0098194396781796939
ck_e7a3881c3e36bd51,0.20037801944602168
ck_5839f5cbd8165b1e,0.033178225748784769
ck_67858bc00e81490d,0.0023160679802695793
ck_4737e0d56c6fa0a1,0.020978492647173858
ck_93e0d6befb67f7a1,0.029680214386519493
ck_2e315f1b1e533dab,0.0073743269197123745
ck_af32a0660090dd68,0.030410937491488127
ck_ede2e887697ffac0,0.0015350228914491743
ck_f48acb73a5d6af07,0.23344342373368163
ck_756d2c13d02b3e09,0.010325103702868798
ck_96fb9bf556842bbc,0.017380844742463483
ck_916784595f028226,0.045077010871371281
ck_20c99b645f462449,0.0058186083405802266
ck_9863bff41d24ce9b,0.0032836371454536242
ck_5009a6c8bbaf15ba,0.089780375566548415
ck_a821980ac4db9943,0.15044665298155907
ck_e6de67c0d82a7b83,0.021957081084879513
ck_752dd3d2487f78ea,0.0078978986961852123
ck_9652283c9f61fcec,0.00063344701650384959
ck_ff8059ae5fa5f1ee,0.00083942107596347588
ck_fc4a43f8876bf10f,0.24414733270618516
ck_a9aa5c344c315532,0.014431341352976537
ck_8e2b2251ee224aa4,0.011386299782157969
ck_3a47e3f54475e854,0.0034344048694857758
ck_51bd5f69b4fe0b92,0.82967007560309991
ck_d52432ed597f3cc9,0.0021569234816663382
ck_04fb61e5739642f8,0.058768063735310926
ck_fc3d95030b81f416,0.0013695054246233686
ck_1906f0dfaf6e9bad,0.32177194669123443
ck_66cfc1ebc9a513c8,0.0056487670603907756
ck_1411a80a157ff39c,0.015441435246558603
ck_9b436162039a77d0,0.017524040899792787
ck_b9485218cef413f0,0.011420217993997723
ck_b62f5144db15ad34,0.45497426591864931
ck_5dcd443fe0bbdeac,0.0028976461566649417
ck_b7dd681eb3d2ee38,0.0035468211257263971
ck_bd21164bd2bbb635,0.019704837421852743
ck_e6222925762273b8,0.035902193324426852
ck_bfecad7586f65e4d,0.019917335245866676
ck_aa9953c0ca2bed7b,0.0013801766620359823
ck_bea56db7f3e930e8,0.0025643321898655464
ck_e40a156511345d6a,0.0022347325486312755
ck_03f6664a96de7d0f,0.019115429740912945
ck_1a319e509f1efa1a,0.0049935590404973449
ck_7a52674e2806d8f5,0.027278770339061807
ck_ec4dd3675a8d28cc,0.011076967582614167
ck_dce1fb3acd65562f,0.0073621237536771024
ck_abb9d65ff1f95b64,0.056284447155847198
ck_aaa9861c91bd14dd,0.012203968390349504
ck_2cbc2f93a32eede8,0.035063560836460131
ck_f2d3e3d90608596d,0.54654027527721316
ck_127273af97d7827d,0.0029511577457437786
ck_a6def1e4b2d57e0d,0.060576524674955966
ck_96247fee0eb44420,0.0035914924356931191
ck_5517b9a865960542,0.022992374772595171
ck_37176850ed68831e,0.013767616684996787
ck_ae416325fef92c9d,0.98806447340254266
ck_f285e5e1912a7c62,0.0018393985636601306
ck_368b65fca69fc415,0.03198457724128953
ck_9a36916b60178ded,0.78590510226177979
ck_4a0eae220a762ac5,0.026032988505751673
ck_e9b0bca7368555ef,0.0032022733940494188
ck_da1c853b0a061e83,0.026903732195796077
ck_58412a2674fea506,0.0088121436868658452
ck_9ab42875a0f95b43,0.028586892488249444
ck_affa5aa0bff9bb0c,0.036158541955019628
ck_d27a73596b6500c2,0.015892656535932075
ck_2d963f9b2c4d11e1,0.049028575110607972
ck_dc16f939c2f44ad8,0.052687728320994623
ck_97c38e7f61c27e47,0.0066408542426568953
ck_861d8e3d88f1079e,0.034496911155758925
ck_819988d8a7f26415,0.0048957556558312919
ck_5e021f2a3b66e256,0.066252349907877303
ck_0428728df24cdab4,0.021680422426322218
ck_780738e0d71e7e43,0.0055585662272372525
ck_5fed957287ebca03,0.004670986965561074
ck_bc19c383560c7477,0.016895840817753992
ck_b1befe967f7a5ebf,0.035899630592312055
ck_73a54b56a2bf35fe,0.85318580885635487
ck_60bf8a2870956fb1,0.014012510110686471
ck_6a0ccd7357979f0f,0.061410224611435464
ck_6b255bf68709109a,0.0061479131138202081
ck_2cb3c99845e572da,0.0093102011410667977
ck_c9e1e3229baae708,0.019889385321240585
ck_1a4bb7d3d2ee3227,0.018727770378978895
ck_c7e07ebfb0bc15f6,0.018972500065776363
ck_4bb90a61c21a303b,0.020190939758551921
ck_3ade9eac7d7b0dbf,0.073852617812815408
ck_8171ef803f5ff604,0.045546300529245104
ck_4859a58629622915,0.017088810860233106
ck_20124c3a16c53ce4,0.024229984289620976
ck_dd3feb77d7d4f6d3,0.033950655106446195
ck_ed0c4a83701ca230,0.009964012428180586
ck_982ebb24174a4ade,0.011188844002383794
ck_deb3ac0606d6f6db,0.007665166160813093
ck_e666629e5a41b39b,0.010868386685516138
ck_1a9d6190c57ea7e2,0.63419140060240053
ck_527550dd15f38782,0.011652369026676398
ck_480347ad92037105,0.014639848373535085
ck_00b9818e2064405e,0.019557232152870425
ck_b53281da70defcfa,0.012013884914890534
ck_3f090fc96c24eb28,0.0016889988258842205
ck_3d9afd862b3f4053,0.10309789276176376
ck_9bf3ce30b65f75c7,0.035063367974291451
ck_2d5a6b6636a2596b,0.0047689724289795626
ck_9a4967cdf49265cd,0.14833029598168049
ck_69691226c68fd50b,0.14671820077630321
ck_1b1efbd9c0964c8d,0.037769930673417121
ck_78bc3f1d0f35ea6c,0.0072816110840277937
ck_d288b77d1e227970,0.017770222546211682
ck_017208fcc01b5d40,0.013606956130478229
ck_8b3b874249adece9,0.036529485040595722
ck_49ab879b5aa7fccd,0.088924717548775345
ck_b3ce8f1bcedfa043,0.0077132761896781515
ck_7e3923d278a5106e,0.006608593103854735
ck_e05e91cc180063d4,0.035016195111509205
ck_ba666a425930615a,0.0024461465668949591
ck_a8382d8345f21e1e,0.0032291336603888507
ck_3dee83fa2d109484,0.0015864321964151129
ck_2d177b2f4f0b40c9,0.059979061250269486
ck_40140bef4db73741,0.0035875560120602187
ck_22c862a496008c96,0.99704502880422163
ck_aa42976a31cb7770,0.0073558063584778597
ck_782b0be796164335,0.0081674393154885123
ck_5f864d72d1eead99,0.039583908514101013
ck_0ada6fed1864e7c4,0.019519201720146463
ck_7878545739af0a73,0.0022911557691426025
ck_ab973888c20c9120,0.081741158272641418
ck_1ae460f331e49ae2,0.010541792992424807
ck_509c22828d467ba3,0.01556664921783008
ck_24dae044dc05f849,0.028438535988293347
ck_2b8f33e22f939372,0.78305083960746691
ck_6a01c375fc26705a,0.0016537219579920701
ck_ae96d35465b3b4bd,0.0057270931529837029
ck_512ebe97c0af94dd,0.095250453761269449
ck_5af9934a56801ac0,0.015173792141159123
ck_fc7445ec76389a58,0.094984562402697453
ck_b8266dcd90cbfa62,0.0079718864291297951
ck_884b2e463ff1d54f,0.0039827294338468456
ck_95aff1fe27fb24bb,0.01508255870230074
ck_7bc752ae7cf5d55f,0.0091625251805563246
ck_57b3fee69bdf85e8,0.0023212608444669611
ck_ef0d702d7b0ed745,0.0013949588906983961
ck_212380e0371d8a6d,0.016852683402207337
ck_2b90b76cf4d162f9,0.0090758963479054544
ck_87771861e0447210,0.045556856438407227
ck_21fe7bc59dcd78fb,0.0031269200424145433
ck_fc0cc4b25e6a8194,0.0060523108881950418
ck_e7a530e09d113dd7,0.36855703660446376
ck_3f94a34f5038f7c1,0.52688830175015744
ck_124565a11b2f8bb8,0.018528982253675996
ck_38ba4a6b6a292054,0.010670670222165347
ck_6a4981bc721df37a,0.015126006943922812
ck_4672167d7c989bbf,0.044169260076908412
ck_817926b449754917,0.014720570604294363
ck_54c2604c9ca6256b,0.01709083577590758
ck_0302f67d75973dce,0.0092170954441648627
ck_9a6a1f8102febfca,0.017559383401356064
ck_7f1c20319eb60aa6,0.99124665784207555
ck_a86cd653472eccbc,0.0108076846177525
ck_02028b72f26fe855,0.014778793520792255
ck_4108b4038f762817,0.21889148821036875
ck_63356762d24aab81,0.013807575475321786
ck_5e3bc76eddbdb0a6,0.009648709978486809
ck_7f3685aa2933b251,0.035420656417196619
ck_3b92a46daf8d00d2,0.01150308796540863
ck_f1d8a2695a575e56,0.017886368843299423
ck_0324a4812ec319c6,0.014223535691187176
ck_5c36c78b7a4d138c,0.044814904604962472
ck_9b6282e3bad50710,0.007806064387669019
ck_7373d7b04c7799bd,0.028747575717461095
ck_0b0e79d33e50cba5,0.0032494330030521353
ck_f3c16d8f747db046,0.13826247015132451
ck_839ce35819bfa4fc,0.0028527753084972556
ck_275386782b1606f8,0.014566910348075088
ck_4e9fba1ec54c3ff8,0.010279412976678386
ck_4b041217690fca2f,0.03668791991568153
ck_a59e90219939a1f0,0.0079718864291297951
ck_a9c2cdc758df8510,0.012672244394909949
ck_720cd658d11ea428,0.083381319367052939
ck_fdeaa1cd085691f0,0.02722364639582938
ck_2bb1389e5e72c8f4,0.010675477656631002
ck_5de33a7a87e9aa62,0.012085657366191972
ck_f7a07283345a0dce,0.005242418224541235
ck_c375e929becde422,0.026968401639996371
ck_c84ef83489badbfd,0.0326127688559541
ck_cc3318839c4b0745,0.0051039594106844421
ck_279a1d3a3836e5cc,0.056608301818405003
ck_7977135c2ff61e92,0.0078274756283213259
ck_6a1ff9d69466181c,0.99212726062658851
ck_e1ff9e31becc27ae,0.069382934123733975
ck_a13fee8cd925d0dc,0.0052675775255795684
ck_b170a7db522a0d6f,0.0094397884982962144
ck_8d38747058d0aeea,0.54247411312299532
ck_18116d0ac08f1996,0.8121988905798434
ck_2210f7a0d13bdbef,0.038035136328501619
ck_1af547077ba2dd03,0.058097994484085633
ck_516163fcf04d5e77,0.018758122264167232
ck_8b39d8aacfdd72b4,0.0010590920148007747
ck_d39b0152116203be,0.0098083943548886061
ck_ed33f8a937f9c7c8,0.027836820570270933
ck_ea1e5b5128ecba2c,0.006652236423405615
ck_8247f008a14bd1a2,0.0020300356150794682
ck_3d6046a533057795,0.018807645990947156
ck_0bf2e13b9f2601ac,0.028216804029255867
ck_f4de03f44e3a5bd5,0.0048747383529866937
ck_3ba3fa5387bacee8,0.0012104969924926936
ck_8f604fa70fc3c8e3,0.022015705346955391
ck_64f3bb17101b7c42,0.0082310609690149222
ck_a4e6fc391b674335,0.18081029811563243
ck_79b6a86830156b5a,0.047276696870401931
ck_d74123617f22a21e,0.021005516399953999
ck_9dbe184e81c1ca8d,0.051305268530705037
ck_de2924955926d046,0.030496400081536944
ck_e556c4d36aadbe03,0.0019443362639818729
ck_e37cee7b123692af,0.025491136878181254
ck_c50fed2a7c9198c0,0.02039532178785472
ck_5647030283171ed5,0.7745340265341667
ck_d4972a775aadbbc8,0.0098151636570804838
ck_ce5ed372b1a2ed6b,0.026296159469828041
ck_3eb6146c262e0fc3,0.001770753178204426
ck_53816231f3ffb48d,0.0042719914930012155
ck_afb23858a4ef42ed,0.94295091418943033
ck_3882423b449f6291,0.9254769853019833
ck_79b235d51718435d,0.022895787709640798
ck_298278a9da874437,0.0099783469493587712
ck_32f632706608859e,0.0050411636579463116
ck_3638bc3388dbc1bc,0.18394542889769194
ck_ac7cdb9b8da7b5dd,0.014527431286850693
ck_7d025dea5951cba7,0.016378150227255278
ck_f06d00a4f9c87d80,0.0015639745231994674
ck_d9c2622cb6df380b,0.0084354689512851303
ck_d4ec44760cbe03f4,0.020125435398652008
ck_c1d05ef0ec6e4be7,0.009133453531162062
ck_5abe57dfff4b735c,0.016980752919458914
ck_53cddfba570b4a3b,0.01230674692379773
ck_7c500e219af39486,0.0024273077535531999
ck_3bece63711407e25,0.007601467800466037
ck_8ff1e6028e764472,0.80879481210465176
ck_8c346eeefa9ce692,0.015509971233238433
ck_d840db8cfe2ef6f1,0.0036870306808137899
ck_cc6d33890d47a6cf,0.050575452626581266
ck_2ab28149b0986642,0.13066406147457191
ck_4ad5937bef176d89,0.0033155606613550293
ck_645f15bbbcff3b4f,0.94641564392273758
ck_aba32acb61c1aaca,0.064387029965219791
ck_26de14b96bdad4f6,0.008041190773784233
ck_ab80466ef615e85c,0.0012940095564141975
ck_ba93cb604f792915,0.018656195072894181
ck_3830c58d841e9e69,0.4108882027114118
ck_1d5d74169cf892ef,0.010032657716322065
ck_eb2323215ff70362,0.021081200219353498
ck_6775e387dace7525,0.036098869639793169
ck_0ea30eff5f361cba,0.0058843004649977845
ck_cc5a35175d381d5a,0.0030101513111165687
ck_e14681aad43e1a72,0.016109436263526032
ck_3222ea25aa29bfa6,0.00061910288602572594
ck_f6c42001b84a10cb,0.10943917804400979
ck_3753cc5b9d02e2fd,0.0067522818397503324
ck_eaf6f7082c3db2bf,0.05571603290784978
ck_a9ffd6b3957bd41e,0.0023089083363266928
ck_558a82590f65df69,0.0015603833127247214
ck_7ec423cb56257516,0.0099700648718841507
ck_b3867f7f494db64c,0.0028111746043419645
ck_3c9a06eb07c300e4,0.0023590690288875474
ck_d960af7a55b892b1,0.011544310120446653
ck_3d83e0a3c1cfbf8b,0.010998878891212373
ck_34ed59bc2c9b0186,0.0028810462241976248
ck_4136b00924695ab4,0.00058567627077891679
ck_c802cf8f61466027,0.0020905785750273105
ck_de436e7b319be1fa,0.99435102127711739
ck_91081be0254878a5,0.018669098021991938
ck_ec2eee6a133e9a6f,0.049552986921588729
ck_81429c4910ca46cd,0.0074692577796009576
ck_80ad4396e1084c68,0.016928303080211649
ck_11667f5b9fac7bc7,0.00078685682763539994
ck_7367917891a63771,0.011909316920224806
ck_f908b527c4db422d,0.04452139019142963
ck_2329cc9702cdf7a0,0.015390411994365577
ck_6573c4947cc8607e,0.10834953461397677
ck_ebcb93a2990fc914,0.11196509077679836
ck_7a1782cefe26a456,0.03911952523240611
ck_ee3e7c9d3a9c74b4,0.031315194372652469
ck_720776a46e56dfa8,0.010661775815468243
ck_bc8f31f4a2ffa1ae,0.0018035957915906774
ck_0cd8802264e0a1ef,0.026555676896608031
ck_c0d2c56f9c722e99,0.9824233710294461
ck_8c949bdc6e8720fa,0.041366225655937922
ck_0ada63008be5685a,0.027631099629267707
ck_a3f821bdf408c326,0.004915383074013362
ck_de13de941bebc7cf,0.0036401043325032592
ck_fc8cd8a8209e802d,0.035665554738765023
ck_181f3dae03b87136,0.019591134184650045
ck_ecaa6f13304e3dc5,0.0011095721552677623
ck_e06f6fed020ae014,0.0090516884662243426
ck_2c041b1efb1c5063,0.0019313154015385614
ck_8abd1a50a9227463,0.12919358512239024
ck_8ef1d05cc1e53e7e,0.040968377760555806
ck_4637e54a9f79e2e7,0.002630784001763903
ck_e8bc49e6494c1f37,0.0022136818830995873
ck_11f9390a11ce9ff5,0.021315702656253339
ck_15b4840922195ffd,0.0050108861221494407
ck_6bcfa37c717f19f1,0.025549093340710382
ck_efb24be983342f75,0.0046371150498275004
ck_5b137d74bba6b1b4,0.0014171203677605768
ck_295c0072eca7f7a2,0.0070710338876049869
ck_4af7b97c24d89a45,0.034418674342374105
ck_fa0ecbcf9a33d6ce,0.0053400370440214347
ck_da84a0dfe947fd3c,0.055676799170598271
ck_3e3c64b3b7876ce6,0.020060964089284823
ck_da2729307af06ed5,0.015807817911327945
ck_74d0e7c2c6b63d36,0.65909522839379542
ck_c478aae3031bb328,0.0035560132922239519
ck_cf301f2194975866,0.014739555575935108
ck_086d29ccae565e5d,0.010938891230713614
ck_34a33ffe8339f66d,0.8331261361358322
ck_e57c79eaab35ded7,0.0041262858060640041
ck_4940e78cbdcfecf3,0.0054446817118509764
ck_578f67e69e5d2cfd,0.0075477382890045512
ck_c767fc454fa215d0,0.0039713818804496849
ck_5d644224135d7c65,0.021104701026901315
ck_e78ab4ff52b5fd2d,0.005616056433161376
ck_51efdd240e34c642,0.03933502289058699
ck_c39c6a1453e2b92c,0.0015147178003836151
ck_b080ff636932d1f1,0.0011169016560706535
ck_5c8390017fabfaef,0.003289066185729638
ck_61176dafb33b2d8a,0.5275964574905263
ck_fc6fed6ea96a004a,0.0094548779777536372
ck_3e2516a3e35067e0,0.0073396806160857609
ck_17a95bba77217d85,0.027380076698823017
ck_1ffbce3a239bb264,0.0028876279536951006
ck_7f960541e5174565,0.0022607846105556499
ck_9b1c3742dd6fcb8b,0.017812645448122374
ck_d5458ba39ae94498,0.01116077369064533
ck_0a921a73a90c2e39,0.020448562956197944
ck_293581d879f6663b,0.48615358453379237
ck_03e904682dc73bba,0.010128476793708941
ck_4f490e379e9ded9a,0.0042920496567155526
ck_9b9ce7bebc235fe8,0.0075802470821580061
ck_a4a42d4bff8af645,0.0033395658920123282
ck_b046067c6ca3831e,0.0090635546217628267
ck_bc7ece8787ca7200,0.0030002510505162472
ck_2c5bc11bb7ae5d2c,0.91968297456847392
ck_b74b9ba6d7c9aab7,0.21091660469813431
ck_91d48d69e4f5d9c2,0.015963911878455739
ck_1a71f8081ae00190,0.95085257050912508
ck_38ba64efa7c38250,0.034404412061259423
ck_1a6ddfeef82b1b1a,0.009635061845811109
ck_c4402ea6291df271,0.024902171426312687
ck_478d2667aa9896d9,0.027174174865749006
ck_c9490cb61aff5112,0.046767677389144655
ck_88f27ab479063852,0.040706651975178934
ck_b7793edca26fc512,0.0079033563627721477
ck_f88028c3f306bc70,0.0056242275470208616
ck_e8a6acea22b20312,0.07416296245596371
ck_c8b7f241810b45e5,0.0021146298784114831
ck_2408db62e4395ccd,0.0050507998084666893
ck_bcdbf57d98dc0d27,0.16037763146808959
ck_b3225a98acd04f83,0.0034649137979964858
ck_35694db37f0cde7a,0.0012817933092958899
ck_87d55ca333f22072,0.0034237580835898571
ck_ccc917533d4b73d4,0.025467399906042194
ck_0c5ba86f4e05b38d,0.010583261689394706
ck_8740a14d8096c6e1,0.014764595570061444
ck_17ab24fe914ae44b,0.0015462158918198876
ck_3b963d6be2773861,0.0024557570993725903
ck_c183dff3781746cb,0.031825260258908986
ck_7336611650dcc088,0.0013918637765257937
ck_c817259019588d30,0.037307261056030924
ck_d39864119cdd460f,0.006405522583390796
ck_463ae759e2b6ad1d,0.010079977182933721
ck_e560f720a988d8a2,0.52130384826390663
ck_72dd0dbdf808cb00,0.095377172557117196
ck_32bb42f9bff197f8,0.0071125066891313017
ck_70bef9ddd4bab005,0.0049858296055766953
ck_4b15b0746318cf42,0.099005057524752665
ck_39a68c55a1bd3ace,0.083951551373265959
ck_4c76efcc1ee6762d,0.01207367895503755
ck_79f5198f0decef20,0.0066602912481842323
ck_f655399ac75c4450,0.0096290325307511714
ck_24b53090faf722cf,0.019054024819390419
ck_11cb98211b2ed134,0.91474442453170512
ck_3534be0f4efd313c,0.013175194805062419
ck_28d2003c2d16e4b6,0.0033311492218651424
ck_d3796aebda1cfed5,0.86407538773865267
ck_a3a0bd59729fe619,0.026662691749368927
ck_8ddaf745bbb9cd62,0.0030219441039877632
ck_fa24db9d416ab904,0.0075825935235056402
ck_493b6256091014cd,0.20605178334671528
ck_57a6b56b09bff24e,0.0081413165902769619
ck_a2245822cfea997d,0.0065108765502162672
ck_92f6ebc11ebca89b,0.061242983154859626
ck_fbf630c960194033,0.0069864973596339228
ck_1c17c65804f8889e,0.027807044858509197
ck_00ff7389d6a83e29,0.053681226894335542
ck_bdd8eba728800e29,0.034609062596779053
ck_0525349f3945375b,0.11247640951323015
ck_d1b0699d26282871,0.032549251611449663
ck_a678731156ad7bd2,0.26765926976316728
ck_011551a596544f5d,0.003960918305201123
ck_0bfe62e0c7eab9c9,0.029721147398175395
ck_e5ee006ecd8ff661,0.021690223941974285
ck_e2374c7136c964fd,0.11026808271080754
ck_af528d66c86f0cb8,0.034235842114375921
ck_5448c946cc4758fe,0.012872316015507217
ck_37d3e5c681a2214d,0.27881620975792698
ck_fca478361870a4ca,0.01712194065249821
ck_fb44d15fb93a7157,0.013923641452956466
ck_0e8f26536ccc8947,0.016234270846765306
ck_6768c4b2aa8ce586,0.021580666211724088
ck_6a548da1728b5823,0.97714719446450238
ck_0e7bf10ef49aa818,0.073920754822555765
ck_f2c824d3473db24c,0.0063350579678531013
ck_d9ffca35188e49d8,0.0074262098820308299
ck_3db73bbe03c3d240,0.0026846836750330678
ck_899f88464305824a,0.0081899346266831492
ck_148c28df51bba5e9,0.97058390521283344
ck_7955a359b6448799,0.0032117271230950929
ck_8c748aaa4a4554f9,0.0064771456126845655
ck_fba15647b3a140d9,0.010677653977849873
ck_c2fc0ac460786d02,0.040801781979364501
ck_e42206e91f6a1752,0.0024184729036002485
ck_8c136dc691e65695,0.0027698369538018235
ck_8c0955dad13c3ca1,0.0058990229124572351
ck_6d4cd2de601a2308,0.0044787143031198321
ck_76ea90ebc74bcdc7,0.010614381179526185
ck_734f06bd4aa92781,0.021449007843120108
ck_41af3729590c2484,0.015026055196071676
ck_e63256667aa19070,0.019849099338524197
ck_1b2ce474fa6582b4,0.026392529311210108
ck_c8131ddc7ed33448,0.0065807871484230372
ck_33ecff7914349ebc,0.013991213782967577
ck_36287d063350ce9d,0.0050655753138332841
ck_956dd784525f5886,0.057643540860383431
ck_ba7b78d31d74c794,0.01560805958248586
ck_5bea0e0ee0b094cd,0.0035910345915589285
ck_d6a4faadab58a3de,0.0042184739231985544
ck_bdb966f43ac350ee,0.014985901171105778
ck_3fa559c679751b3a,0.018157057992952953
ck_7ef019ed77276496,0.0020539021133370826
ck_0e6046fc30f81705,0.042407704661460793
ck_53aca610e20598bc,0.020718096383390682
ck_5275be4e1577c1c7,0.0016489220240872814
ck_43948784650bb9ac,0.033061934421124192
ck_5c87eea1cc07cc92,0.016698908222655521
ck_5f445182829ef342,0.012626441353586142
ck_cc81dbc83a8879fd,0.025700077493689317
ck_68ef3e7301c621b7,0.0075922811244637182
ck_e988c108754cee9c,0.0069555589304692456
ck_3327a0582407068b,0.048077476648070258
ck_e1d563fab4d6116a,0.034296685802827409
ck_588f6e6a6a6d93e8,0.0076035439549139343
ck_723b4afc388113c8,0.0053454369241822362
ck_240f7f894c5a86e7,0.0039540583348983832
ck_ab553954435e8854,0.77428824302791766
ck_78cd402a2a4f2e35,0.002613405420921454
ck_09054e97bdf9624e,0.0040601585502868971
ck_303b33910d67f306,0.0010587456103715179
ck_74e9747954a46eaa,0.0070321691093954662
ck_b56c62c950eda009,0.0022294304361692094
ck_58f757e40a9b8877,0.0085552942683429917
ck_45a16ce12893cf9b,0.0033905738148770157
ck_3272c2c4a37d5220,0.79950779594461219
ck_9cb89cc3178e0172,0.014096765489850276
ck_c5d62b2b7a6f3bac,0.97526378288503168
ck_0dd417fcbf19e424,0.0079047734160651861
ck_5379452a9d74efae,0.0021107990747163486
ck_344a95cb7115ec67,0.020743498740507474
ck_6f9fd15ac6b163de,0.0018806713314144944
ck_173e1198c341087b,0.011904695062403828
ck_9994323f97109f4b,0.95093999985096778
ck_05f375fc8ae0afb0,0.029676114980384468
ck_d328db1e1052d820,0.0084990596502130863
ck_70396398e4a96449,0.0042764881296691714
ck_61b067de8ffc1ca1,0.029450844032635225
ck_87809324c2675b0a,0.016205715648651448
ck_27cdf9c5e6f0915b,0.018676143558782068
ck_5b8fc4a76f340797,0.038021537844895606
ck_a44462a3853ac67e,0.9633366739216368
ck_466a7316eaf149b1,0.015520723201838661
ck_d35c51e981b98c5c,0.03686867410720062
ck_99c0004d8b7079f8,0.0080855014938154141
ck_8a8f81bf3558fd9c,0.012074396433055013
ck_b4dcebc543deaafb,0.02949864923730601
ck_7158ad9e58769ffa,0.030659059389926024
ck_3c02d4dbbf6716b6,0.017181943493357978
ck_41ef7967faf5ce82,0.00099971667889304605
ck_a7c1dabf3869772f,0.028629079165921629
ck_77d9f86dcf251739,0.0066510470841680911
ck_02903c48b6cfd65d,0.0040570995201029587
ck_b45e47c39d4dc7bf,0.021706271789013055
ck_e55e5bdfc0242aef,0.030284066525182889
ck_ae20e28f9854f3ee,0.027219777214600407
ck_9e65a8a2f587691a,0.011914030255669231
ck_dceabbe04d99afc2,0.0013150653108368194
ck_837be8126bb19250,0.0017224888921526242
ck_c05737ab74cf03c6,0.032565118788012576
ck_2cdf5fd97ba75e06,0.08732273556117269
ck_97b8e05d62abdc14,0.017282464979396554
ck_7df9910af2bba21b,0.0030433013371230075
ck_850e2b59bc535490,0.022545367536710537
ck_978c21bb5fe3171e,0.017200753780625022
ck_d654449f9231ad76,0.0093233175447627048
ck_e136e20c1c74fe38,0.022566329887962949
ck_2fe6cac002142f67,0.028018745837381467
ck_8432ccec1a4ec7fd,0.99561128221835282
ck_95e4bef65c36af1a,0.0027953696910300745
ck_a725d7aed2a0bdc2,0.0015511983273266022
ck_9b9d9e579e7b55b2,0.13536835530553976
ck_ea4332c8fe48e2a3,0.014958447288107326
ck_9937dad93a0ed3c1,0.010225674288886447
ck_3dc4d464386f0eb2,0.081171531344398085
ck_e0e90b196bef3c11,0.0012879938956943577
ck_2139062d4569aa07,0.0086711144207917059
ck_8de38f8c7f91961f,0.010778558412165511
ck_bdbb4230c91e1604,0.063480154109318551
ck_f7305b3c64cf8a03,0.023882177050622719
ck_454a7e4d859a3409,0.0011969325365079446
ck_00d6730134a1eb51,0.0050185396897792179
ck_dd89a282375bbab6,0.041182713419041131
ck_be2251640f27a3c9,0.071282269079503732
